LibraryElement, DeclaringType, EntityKind, Count, Status
TailwindPOS.MainModule.EndShiftWithAmount.TempParameter_4,TailwindPOS.MainModule.EndShiftWithAmount.TempParameter_4,Type,7,1
TailwindPOS.MainModule.EndShiftWithAmount.TempParameter_5,TailwindPOS.MainModule.EndShiftWithAmount.TempParameter_5,Type,7,1
TailwindPOS.MainModule.CreateTicket.currentDate,TailwindPOS.MainModule.CreateTicket.currentDate,Type,1,1
System.Windows.Forms.DataGridViewColumnHeadersHeightSizeMode.DisableResizing,System.Windows.Forms.DataGridViewColumnHeadersHeightSizeMode,Field,6,1
TailwindPOS.MainModule.EndShiftWithAmount.TempParameter_2,TailwindPOS.MainModule.EndShiftWithAmount.TempParameter_2,Type,7,1
TailwindPOS.MainModule.EndShiftWithAmount.TempParameter_3,TailwindPOS.MainModule.EndShiftWithAmount.TempParameter_3,Type,7,1
System.Windows.Forms.DataGridViewColumnHeadersHeightSizeMode,System.Windows.Forms.DataGridViewColumnHeadersHeightSizeMode,Type,3,1
TailwindPOS.ucNumbersPad.set_ShowValue.value,TailwindPOS.ucNumbersPad.set_ShowValue.value,Type,1,1
TailwindPOS.MainModule.GetCustomerInfo.conn,TailwindPOS.MainModule.GetCustomerInfo.conn,Type,3,1
TailwindPOS.MainModule.SaveSale.payIterator,TailwindPOS.MainModule.SaveSale.payIterator,Type,1,1
TailwindPOS.ucNumbersPad.set_ShowChars.value,TailwindPOS.ucNumbersPad.set_ShowChars.value,Type,2,1
TailwindPOS.frmSales.AddLine.Code,TailwindPOS.frmSales.AddLine.Code,Type,1,1
TailwindPOS.frmPayment.SumPayments.totalRows,TailwindPOS.frmPayment.SumPayments.totalRows,Type,1,1
TailwindPOS.MainModule.FindCustomers.conn,TailwindPOS.MainModule.FindCustomers.conn,Type,3,1
System.Reflection.Assembly.EntryPoint,System.Reflection.Assembly,Property,14,1
System.Reflection.Assembly,System.Reflection.Assembly,Type,26,1
System.Reflection.Assembly.GetExecutingAssembly,System.Reflection.Assembly,Method,52,1
TailwindPOS.frmCashCount.Highlight.X,TailwindPOS.frmCashCount.Highlight.X,Type,2,1
System.Windows.Forms.RightToLeft.No,System.Windows.Forms.RightToLeft,Field,322,1
System.Windows.Forms.RightToLeft,System.Windows.Forms.RightToLeft,Type,161,1
TailwindPOS.MainModule.ValidateUserPasswordAdmin.UserID,TailwindPOS.MainModule.ValidateUserPasswordAdmin.UserID,Type,1,1
TailwindPOS.POSSystems.POSName,TailwindPOS.POSSystems,Field,3,1
TailwindPOS.POSSystems.Phone,TailwindPOS.POSSystems,Field,1,1
TailwindPOS.POSSystems.Location,TailwindPOS.POSSystems,Field,1,1
TailwindPOS.POSSystems.Branch,TailwindPOS.POSSystems,Field,1,1
TailwindPOS.POSSystems.POSID,TailwindPOS.POSSystems,Field,7,1
TailwindPOS.POSSystems,TailwindPOS.POSSystems,Type,8,1
TailwindPOS.POSSystems..ctor,TailwindPOS.POSSystems,Method,2,1
TailwindPOS.frmCashCount.ucNumbers_OnBack.val,TailwindPOS.frmCashCount.ucNumbers_OnBack.val,Type,2,1
System.Windows.Forms.PictureBox,System.Windows.Forms.PictureBox,Type,2,1
System.Windows.Forms.PictureBox..ctor,System.Windows.Forms.PictureBox,Method,1,1
System.Windows.Forms.PictureBox.TabStop,System.Windows.Forms.PictureBox,Property,1,0
System.Windows.Forms.PictureBox.TabIndex,System.Windows.Forms.PictureBox,Property,1,0
System.Windows.Forms.PictureBox.CausesValidation,System.Windows.Forms.PictureBox,Property,1,0
System.Windows.Forms.PictureBox.SizeMode,System.Windows.Forms.PictureBox,Property,2,1
System.Windows.Forms.PictureBox.Image,System.Windows.Forms.PictureBox,Property,2,1
System.Windows.Forms.PictureBox.Font,System.Windows.Forms.PictureBox,Property,2,1
System.Windows.Forms.PictureBox.BorderStyle,System.Windows.Forms.PictureBox,Property,2,1
System.Windows.Forms.PictureBox.AllowDrop,System.Windows.Forms.PictureBox,Property,2,1
TailwindPOS.MainModule.SaveNewCustomer.rs,TailwindPOS.MainModule.SaveNewCustomer.rs,Type,1,1
System.Windows.Forms.DataGridViewSelectionMode.CellSelect,System.Windows.Forms.DataGridViewSelectionMode,Field,2,1
System.Windows.Forms.DataGridViewSelectionMode.FullRowSelect,System.Windows.Forms.DataGridViewSelectionMode,Field,4,1
System.Windows.Forms.DataGridViewSelectionMode,System.Windows.Forms.DataGridViewSelectionMode,Type,3,1
TailwindPOS.MainModule.EndShiftWithAmount.Endshift,TailwindPOS.MainModule.EndShiftWithAmount.Endshift,Type,1,1
TailwindPOS.frmCustAdd.set_DefInstance.value,TailwindPOS.frmCustAdd.set_DefInstance.value,Type,1,1
System.Reflection.AssemblyCultureAttribute..ctor,System.Reflection.AssemblyCultureAttribute,Method,1,1
TailwindPOS.MainModule.CompleteTicket.Total,TailwindPOS.MainModule.CompleteTicket.Total,Type,1,1
TailwindPOS.frmSales.ConfirmVoidItem.items,TailwindPOS.frmSales.ConfirmVoidItem.items,Type,1,1
System.Drawing.Font,System.Drawing.Font,Type,167,1
System.Drawing.Font..ctor,System.Drawing.Font,Method,167,1
TailwindPOS.MainModule.ExtractData.xml,TailwindPOS.MainModule.ExtractData.xml,Type,1,1
System.Data.Common.DbParameter.ParameterName,System.Data.Common.DbParameter,Property,52,1
System.Data.Common.DbParameter.DbType,System.Data.Common.DbParameter,Property,52,1
System.Data.Common.DbParameter.Direction,System.Data.Common.DbParameter,Property,52,1
System.Data.Common.DbParameter.Size,System.Data.Common.DbParameter,Property,52,1
System.Data.Common.DbParameter.Value,System.Data.Common.DbParameter,Property,52,1
System.Windows.Forms.ToolTip,System.Windows.Forms.ToolTip,Type,18,1
System.Windows.Forms.ToolTip..ctor,System.Windows.Forms.ToolTip,Method,9,1
System.Data.Common.DbParameter,System.Data.Common.DbParameter,Type,52,1
TailwindPOS.frmCashCount.ucNumbers_OnNumber.val,TailwindPOS.frmCashCount.ucNumbers_OnNumber.val,Type,5,1
UpgradeHelpers.DB.DbConnectionHelper.ResetCommandTimeOut,UpgradeHelpers.DB.DbConnectionHelper,Method,28,1
UpgradeHelpers.DB.DbConnectionHelper,UpgradeHelpers.DB.DbConnectionHelper,Type,14,1
TailwindPOS.frmSales.GetItems.qty,TailwindPOS.frmSales.GetItems.qty,Type,2,1
TailwindPOS.ucNumbersPad+OnEnterEventEventArgs,TailwindPOS.ucNumbersPad+OnEnterEventEventArgs,Type,4,1
TailwindPOS.ucNumbersPad+OnEnterEventEventArgs..ctor,TailwindPOS.ucNumbersPad+OnEnterEventEventArgs,Method,2,1
TailwindPOS.MainModule.SaveItem.TempParameter_5,TailwindPOS.MainModule.SaveItem.TempParameter_5,Type,7,1
TailwindPOS.MainModule.SaveItem.TempParameter_6,TailwindPOS.MainModule.SaveItem.TempParameter_6,Type,7,1
TailwindPOS.MainModule.SaveItem.TempParameter_3,TailwindPOS.MainModule.SaveItem.TempParameter_3,Type,7,1
TailwindPOS.ucNumbersPad+OnEnterEventEventArgs.Text_Renamed,TailwindPOS.ucNumbersPad+OnEnterEventEventArgs,Field,2,1
TailwindPOS.MainModule.SaveItem.TempParameter_4,TailwindPOS.MainModule.SaveItem.TempParameter_4,Type,7,1
TailwindPOS.MainModule.SaveItem.TempParameter_2,TailwindPOS.MainModule.SaveItem.TempParameter_2,Type,7,1
Tailwind_WinFormsSupport,Tailwind_WinFormsSupport,Type,2,1
System.StringComparer,System.StringComparer,Type,4,1
System.StringComparer.OrdinalIgnoreCase,System.StringComparer,Property,4,1
TailwindPOS.frmPause.cbReturn_Click.Total,TailwindPOS.frmPause.cbReturn_Click.Total,Type,5,1
TailwindPOS.MainModule.ValidateUserPassword.result,TailwindPOS.MainModule.ValidateUserPassword.result,Type,2,1
TailwindPOS.MainModule.SaveItem.TempParameter,TailwindPOS.MainModule.SaveItem.TempParameter,Type,7,1
TailwindPOS.MainModule.SaveNewCustomer.County,TailwindPOS.MainModule.SaveNewCustomer.County,Type,1,1
UpgradeHelpers.DB.ADO.ADORecordSetHelper,UpgradeHelpers.DB.ADO.ADORecordSetHelper,Type,20,1
UpgradeHelpers.DB.ADO.ADORecordSetHelper.MoveNext,UpgradeHelpers.DB.ADO.ADORecordSetHelper,Method,4,1
UpgradeHelpers.DB.ADO.ADORecordSetHelper.Open,UpgradeHelpers.DB.ADO.ADORecordSetHelper,Method,18,1
UpgradeHelpers.DB.ADO.ADORecordSetHelper..ctor,UpgradeHelpers.DB.ADO.ADORecordSetHelper,Method,2,1
TailwindPOS.MainModule.RegisterBreakEnd.objcommand,TailwindPOS.MainModule.RegisterBreakEnd.objcommand,Type,13,1
UpgradeHelpers.DB.ADO.ADORecordSetHelper.CursorLocation,UpgradeHelpers.DB.ADO.ADORecordSetHelper,Property,2,1
UpgradeHelpers.DB.ADO.ADORecordSetHelper.ActiveConnection,UpgradeHelpers.DB.ADO.ADORecordSetHelper,Property,2,1
TailwindPOS.frmPayment.SumPayments.index,TailwindPOS.frmPayment.SumPayments.index,Type,3,1
TailwindPOS.MainModule.ValidateUserPasswordAdmin.password,TailwindPOS.MainModule.ValidateUserPasswordAdmin.password,Type,1,1
System.Windows.Forms.MessageBoxButtons,System.Windows.Forms.MessageBoxButtons,Type,3,1
System.Reflection.MemberInfo.DeclaringType,System.Reflection.MemberInfo,Property,7,1
System.Windows.Forms.MessageBoxButtons.YesNo,System.Windows.Forms.MessageBoxButtons,Field,6,1
System.Runtime.InteropServices.CharSet.Ansi,System.Runtime.InteropServices.CharSet,Field,1,1
TailwindPOS.frmSales.ConfirmVoidItem.result,TailwindPOS.frmSales.ConfirmVoidItem.result,Type,2,1
TailwindPOS.ucNumbersPad+OnEnterEventHandler.Invoke,TailwindPOS.ucNumbersPad+OnEnterEventHandler,Method,2,1
TailwindPOS.Config.ReadConfigSetting.tempRefParam,TailwindPOS.Config.ReadConfigSetting.tempRefParam,Type,1,1
System.Runtime.InteropServices.CharSet,System.Runtime.InteropServices.CharSet,Type,1,1
TailwindPOS.ucNumbersPad+OnEnterEventHandler,TailwindPOS.ucNumbersPad+OnEnterEventHandler,Type,3,1
TailwindPOS.MainModule.RegisterBreakEnd.EndTime,TailwindPOS.MainModule.RegisterBreakEnd.EndTime,Type,3,1
TailwindPOS.frmSales.GetItems.tempForEndVar,TailwindPOS.frmSales.GetItems.tempForEndVar,Type,1,1
TailwindPOS.MainModule.StartShiftWithAmount.command,TailwindPOS.MainModule.StartShiftWithAmount.command,Type,13,1
UpgradeHelpers.DB.ADO.CursorLocationEnum.adUseClient,UpgradeHelpers.DB.ADO.CursorLocationEnum,Field,2,1
UpgradeHelpers.DB.ADO.CursorLocationEnum,UpgradeHelpers.DB.ADO.CursorLocationEnum,Type,2,1
TailwindPOS.MainModule.ValidateUserPasswordAdmin.TempParameter,TailwindPOS.MainModule.ValidateUserPasswordAdmin.TempParameter,Type,7,1
TailwindPOS.frmPayment.set_TransactionAmount.value,TailwindPOS.frmPayment.set_TransactionAmount.value,Type,1,1
TailwindPOS.frmSales.SearchAndAddProduct.ProductPrice,TailwindPOS.frmSales.SearchAndAddProduct.ProductPrice,Type,2,1
TailwindPOS.MainModule.FindCustomers.TempParameter,TailwindPOS.MainModule.FindCustomers.TempParameter,Type,7,1
System.Windows.Forms.FormBorderStyle.FixedDialog,System.Windows.Forms.FormBorderStyle,Field,6,1
System.Windows.Forms.FormBorderStyle,System.Windows.Forms.FormBorderStyle,Type,3,1
TailwindPOS.ucLettersPad+OnEnterEventEventArgs..ctor.Text_Renamed,TailwindPOS.ucLettersPad+OnEnterEventEventArgs..ctor.Text_Renamed,Type,1,1
System.Drawing.Point..ctor,System.Drawing.Point,Method,171,1
System.Drawing.Point,System.Drawing.Point,Type,171,1
System.ComponentModel.ComponentResourceManager..ctor,System.ComponentModel.ComponentResourceManager,Method,9,1
System.ComponentModel.ComponentResourceManager,System.ComponentModel.ComponentResourceManager,Type,18,1
TailwindPOS.MainModule.ValidateUserPassword.UserID,TailwindPOS.MainModule.ValidateUserPassword.UserID,Type,1,1
TailwindPOS.frmSales.AddLine.price,TailwindPOS.frmSales.AddLine.price,Type,2,1
System.Windows.Forms.UserControl,System.Windows.Forms.UserControl,Type,2,1
TailwindPOS.MainModule.GetPOSSystems.conn,TailwindPOS.MainModule.GetPOSSystems.conn,Type,1,1
TailwindPOS.MainModule.set_POSSystems.value,TailwindPOS.MainModule.set_POSSystems.value,Type,1,1
System.Windows.Forms,System.Windows.Forms,Type,379,1
TailwindPOS.MainModule.SaveNewCustomer.TempParameter,TailwindPOS.MainModule.SaveNewCustomer.TempParameter,Type,7,1
TailwindPOS.MainModule.ValidateUserPassword.password,TailwindPOS.MainModule.ValidateUserPassword.password,Type,1,1
TailwindPOS.frmPayment.GetPayments.pay,TailwindPOS.frmPayment.GetPayments.pay,Type,5,1
TailwindPOS.MainModule.FindProductByCode.xmlhttp,TailwindPOS.MainModule.FindProductByCode.xmlhttp,Type,5,1
TailwindPOS.frmSales.ucNumericKeyPad_OnEnterEvent.newqty,TailwindPOS.frmSales.ucNumericKeyPad_OnEnterEvent.newqty,Type,2,1
System.Runtime.InteropServices.DllImportAttribute..ctor,System.Runtime.InteropServices.DllImportAttribute,Method,1,1
TailwindPOS.MainModule.SaveSale.Total,TailwindPOS.MainModule.SaveSale.Total,Type,1,1
TailwindPOS.ucNumbersPad.m_ShowChars,TailwindPOS.ucNumbersPad,Field,2,1
TailwindPOS.ucNumbersPad.commandButtonHelper1,TailwindPOS.ucNumbersPad,Field,16,1
TailwindPOS.ucNumbersPad.cb_Number7,TailwindPOS.ucNumbersPad,Field,16,1
TailwindPOS.ucNumbersPad.cb_Number8,TailwindPOS.ucNumbersPad,Field,16,1
TailwindPOS.ucNumbersPad.cb_Number9,TailwindPOS.ucNumbersPad,Field,16,1
TailwindPOS.ucNumbersPad.cb_Back,TailwindPOS.ucNumbersPad,Field,16,1
TailwindPOS.ucNumbersPad.cb_Number4,TailwindPOS.ucNumbersPad,Field,16,1
TailwindPOS.ucNumbersPad.cb_Number5,TailwindPOS.ucNumbersPad,Field,16,1
TailwindPOS.ucNumbersPad.cb_Number6,TailwindPOS.ucNumbersPad,Field,16,1
TailwindPOS.ucNumbersPad.cb_Clear,TailwindPOS.ucNumbersPad,Field,16,1
TailwindPOS.ucNumbersPad.cb_Number1,TailwindPOS.ucNumbersPad,Field,16,1
TailwindPOS.ucNumbersPad.cb_Number2,TailwindPOS.ucNumbersPad,Field,16,1
TailwindPOS.ucNumbersPad.cb_Number3,TailwindPOS.ucNumbersPad,Field,16,1
TailwindPOS.ucNumbersPad.cb_Enter,TailwindPOS.ucNumbersPad,Field,18,1
TailwindPOS.ucNumbersPad.cb_Number0,TailwindPOS.ucNumbersPad,Field,16,1
TailwindPOS.ucNumbersPad.cb_Number00,TailwindPOS.ucNumbersPad,Field,16,1
TailwindPOS.ucNumbersPad.cb_Period,TailwindPOS.ucNumbersPad,Field,16,1
TailwindPOS.ucNumbersPad.txtAmount,TailwindPOS.ucNumbersPad,Field,59,1
TailwindPOS.ucNumbersPad.ToolTipMain,TailwindPOS.ucNumbersPad,Field,1,1
TailwindPOS.ucNumbersPad.components,TailwindPOS.ucNumbersPad,Field,3,1
TailwindPOS.ucNumbersPad.cb_Number7_Click,TailwindPOS.ucNumbersPad,Method,1,1
TailwindPOS.ucNumbersPad.cb_Number8_Click,TailwindPOS.ucNumbersPad,Method,1,1
TailwindPOS.ucNumbersPad.cb_Number9_Click,TailwindPOS.ucNumbersPad,Method,1,1
TailwindPOS.ucNumbersPad.cb_Back_Click,TailwindPOS.ucNumbersPad,Method,1,1
TailwindPOS.ucNumbersPad.cb_Number4_Click,TailwindPOS.ucNumbersPad,Method,1,1
TailwindPOS.ucNumbersPad.cb_Number5_Click,TailwindPOS.ucNumbersPad,Method,1,1
TailwindPOS.ucNumbersPad.cb_Number6_Click,TailwindPOS.ucNumbersPad,Method,1,1
TailwindPOS.ucNumbersPad.cb_Clear_Click,TailwindPOS.ucNumbersPad,Method,1,1
TailwindPOS.ucNumbersPad.cb_Number1_Click,TailwindPOS.ucNumbersPad,Method,1,1
TailwindPOS.ucNumbersPad.cb_Number2_Click,TailwindPOS.ucNumbersPad,Method,1,1
TailwindPOS.ucNumbersPad.cb_Number3_Click,TailwindPOS.ucNumbersPad,Method,1,1
TailwindPOS.ucNumbersPad.cb_Enter_Click,TailwindPOS.ucNumbersPad,Method,1,1
TailwindPOS.ucNumbersPad.cb_Number0_Click,TailwindPOS.ucNumbersPad,Method,1,1
TailwindPOS.ucNumbersPad.cb_Number00_Click,TailwindPOS.ucNumbersPad,Method,1,1
TailwindPOS.ucNumbersPad.HighlightValueOn,TailwindPOS.ucNumbersPad,Method,2,1
TailwindPOS.ucNumbersPad.HighlightValueOff,TailwindPOS.ucNumbersPad,Method,2,1
TailwindPOS.ucNumbersPad.cb_Period_Click,TailwindPOS.ucNumbersPad,Method,1,1
TailwindPOS.ucNumbersPad.txtAmount_KeyPress,TailwindPOS.ucNumbersPad,Method,1,1
TailwindPOS.ucNumbersPad.InitializeComponent,TailwindPOS.ucNumbersPad,Method,2,1
TailwindPOS.ucNumbersPad..ctor,TailwindPOS.ucNumbersPad,Method,3,1
TailwindPOS.ucNumbersPad,TailwindPOS.ucNumbersPad,Type,7,1
TailwindPOS.ucNumbersPad.OnNumber,TailwindPOS.ucNumbersPad,Event,27,1
TailwindPOS.ucNumbersPad.OnBack,TailwindPOS.ucNumbersPad,Event,3,1
TailwindPOS.ucNumbersPad.OnEnterEvent,TailwindPOS.ucNumbersPad,Event,5,1
TailwindPOS.ucNumbersPad.Value,TailwindPOS.ucNumbersPad,Property,9,1
TailwindPOS.ucNumbersPad.ShowChars,TailwindPOS.ucNumbersPad,Property,2,1
TailwindPOS.ucNumbersPad.ShowEnter,TailwindPOS.ucNumbersPad,Property,1,1
TailwindPOS.ucNumbersPad.ShowValue,TailwindPOS.ucNumbersPad,Property,1,1
TailwindPOS.frmPayment.AddPayment.amount,TailwindPOS.frmPayment.AddPayment.amount,Type,3,1
TailwindPOS.ucLettersPad,TailwindPOS.ucLettersPad,Type,3,1
TailwindPOS.ucLettersPad.UserControl_Initialize,TailwindPOS.ucLettersPad,Method,2,1
TailwindPOS.ucLettersPad.cb_Period_Click,TailwindPOS.ucLettersPad,Method,1,1
TailwindPOS.ucLettersPad.cb_Enter_Click,TailwindPOS.ucLettersPad,Method,1,1
TailwindPOS.ucLettersPad.cb_Number3_Click,TailwindPOS.ucLettersPad,Method,1,1
TailwindPOS.ucLettersPad.cb_Number2_Click,TailwindPOS.ucLettersPad,Method,1,1
TailwindPOS.ucLettersPad.cb_Number1_Click,TailwindPOS.ucLettersPad,Method,1,1
TailwindPOS.ucLettersPad.cb_Number6_Click,TailwindPOS.ucLettersPad,Method,1,1
TailwindPOS.ucLettersPad.cb_Number5_Click,TailwindPOS.ucLettersPad,Method,1,1
TailwindPOS.ucLettersPad.cb_Number4_Click,TailwindPOS.ucLettersPad,Method,1,1
TailwindPOS.ucLettersPad.cb_Number9_Click,TailwindPOS.ucLettersPad,Method,1,1
TailwindPOS.ucLettersPad.cb_Number8_Click,TailwindPOS.ucLettersPad,Method,1,1
TailwindPOS.ucLettersPad.cb_Number7_Click,TailwindPOS.ucLettersPad,Method,1,1
TailwindPOS.ucLettersPad.cbLetterC_Click,TailwindPOS.ucLettersPad,Method,1,1
TailwindPOS.ucLettersPad.cbLetterB_Click,TailwindPOS.ucLettersPad,Method,1,1
TailwindPOS.ucLettersPad.cbLetterA_Click,TailwindPOS.ucLettersPad,Method,1,1
TailwindPOS.ucLettersPad..ctor,TailwindPOS.ucLettersPad,Method,1,1
TailwindPOS.ucLettersPad.InitializeComponent,TailwindPOS.ucLettersPad,Method,2,1
TailwindPOS.ucLettersPad.ReLoadForm,TailwindPOS.ucLettersPad,Method,2,1
TailwindPOS.ucLettersPad.cbAllCaps_Click,TailwindPOS.ucLettersPad,Method,1,1
TailwindPOS.ucLettersPad.cbUnderscore_Click,TailwindPOS.ucLettersPad,Method,1,1
TailwindPOS.ucLettersPad.GetLetter,TailwindPOS.ucLettersPad,Method,106,1
TailwindPOS.ucLettersPad.cbMinus_Click,TailwindPOS.ucLettersPad,Method,1,1
TailwindPOS.ucLettersPad.cbAt_Click,TailwindPOS.ucLettersPad,Method,1,1
TailwindPOS.ucLettersPad.cbDelete_Click,TailwindPOS.ucLettersPad,Method,1,1
TailwindPOS.ucLettersPad.ChangeCase,TailwindPOS.ucLettersPad,Method,2,1
TailwindPOS.ucLettersPad.cbSpace_Click,TailwindPOS.ucLettersPad,Method,1,1
TailwindPOS.ucLettersPad.cbLetterY_Click,TailwindPOS.ucLettersPad,Method,1,1
TailwindPOS.ucLettersPad.cbLetterZ_Click,TailwindPOS.ucLettersPad,Method,1,1
TailwindPOS.ucLettersPad.cbLetterV_Click,TailwindPOS.ucLettersPad,Method,1,1
TailwindPOS.ucLettersPad.cbLetterW_Click,TailwindPOS.ucLettersPad,Method,1,1
TailwindPOS.ucLettersPad.cbLetterX_Click,TailwindPOS.ucLettersPad,Method,1,1
TailwindPOS.ucLettersPad.cbLetterS_Click,TailwindPOS.ucLettersPad,Method,1,1
TailwindPOS.ucLettersPad.cbLetterT_Click,TailwindPOS.ucLettersPad,Method,1,1
TailwindPOS.ucLettersPad.cbLetterU_Click,TailwindPOS.ucLettersPad,Method,1,1
TailwindPOS.ucLettersPad.cbLetterP_Click,TailwindPOS.ucLettersPad,Method,1,1
TailwindPOS.ucLettersPad.cbLetterQ_Click,TailwindPOS.ucLettersPad,Method,1,1
TailwindPOS.ucLettersPad.cbLetterR_Click,TailwindPOS.ucLettersPad,Method,1,1
TailwindPOS.ucLettersPad.cbLetterM_Click,TailwindPOS.ucLettersPad,Method,1,1
TailwindPOS.ucLettersPad.cbLetterN_Click,TailwindPOS.ucLettersPad,Method,1,1
TailwindPOS.ucLettersPad.cbLetterO_Click,TailwindPOS.ucLettersPad,Method,1,1
TailwindPOS.ucLettersPad.cbLetterJ_Click,TailwindPOS.ucLettersPad,Method,1,1
TailwindPOS.ucLettersPad.cbLetterK_Click,TailwindPOS.ucLettersPad,Method,1,1
TailwindPOS.ucLettersPad.cbLetterL_Click,TailwindPOS.ucLettersPad,Method,1,1
TailwindPOS.ucLettersPad.cbLetterG_Click,TailwindPOS.ucLettersPad,Method,1,1
TailwindPOS.ucLettersPad.cbLetterH_Click,TailwindPOS.ucLettersPad,Method,1,1
TailwindPOS.ucLettersPad.cbLetterI_Click,TailwindPOS.ucLettersPad,Method,1,1
TailwindPOS.ucLettersPad.cbLetterD_Click,TailwindPOS.ucLettersPad,Method,1,1
TailwindPOS.ucLettersPad.cbLetterE_Click,TailwindPOS.ucLettersPad,Method,1,1
TailwindPOS.ucLettersPad.cbLetterF_Click,TailwindPOS.ucLettersPad,Method,1,1
TailwindPOS.ucLettersPad.ShowChars,TailwindPOS.ucLettersPad,Property,1,1
TailwindPOS.ucLettersPad.Value,TailwindPOS.ucLettersPad,Property,2,1
TailwindPOS.ucLettersPad.OnEnterEvent,TailwindPOS.ucLettersPad,Event,3,1
TailwindPOS.ucLettersPad.ToolTipMain,TailwindPOS.ucLettersPad,Field,1,1
TailwindPOS.ucLettersPad.components,TailwindPOS.ucLettersPad,Field,3,1
TailwindPOS.ucLettersPad.cbAllCaps,TailwindPOS.ucLettersPad,Field,20,1
TailwindPOS.ucLettersPad.cbUnderscore,TailwindPOS.ucLettersPad,Field,16,1
TailwindPOS.ucLettersPad.cbMinus,TailwindPOS.ucLettersPad,Field,16,1
TailwindPOS.ucLettersPad.cbAt,TailwindPOS.ucLettersPad,Field,16,1
TailwindPOS.ucLettersPad.cbDelete,TailwindPOS.ucLettersPad,Field,16,1
TailwindPOS.ucLettersPad.cbSpace,TailwindPOS.ucLettersPad,Field,16,1
TailwindPOS.ucLettersPad.cbLetterY,TailwindPOS.ucLettersPad,Field,17,1
TailwindPOS.ucLettersPad.cbLetterZ,TailwindPOS.ucLettersPad,Field,17,1
TailwindPOS.ucLettersPad.cbLetterV,TailwindPOS.ucLettersPad,Field,17,1
TailwindPOS.ucLettersPad.txtValue,TailwindPOS.ucLettersPad,Field,106,1
TailwindPOS.ucLettersPad.cbLetterW,TailwindPOS.ucLettersPad,Field,17,1
TailwindPOS.ucLettersPad.cbLetterX,TailwindPOS.ucLettersPad,Field,17,1
TailwindPOS.ucLettersPad.cbLetterS,TailwindPOS.ucLettersPad,Field,17,1
TailwindPOS.ucLettersPad.cbLetterT,TailwindPOS.ucLettersPad,Field,17,1
TailwindPOS.ucLettersPad.cbLetterU,TailwindPOS.ucLettersPad,Field,17,1
TailwindPOS.ucLettersPad.cbLetterP,TailwindPOS.ucLettersPad,Field,17,1
TailwindPOS.ucLettersPad.cbLetterQ,TailwindPOS.ucLettersPad,Field,17,1
TailwindPOS.ucLettersPad.m_ShowChars,TailwindPOS.ucLettersPad,Field,2,1
TailwindPOS.ucLettersPad.cbLetterR,TailwindPOS.ucLettersPad,Field,17,1
TailwindPOS.ucLettersPad.cbLetterM,TailwindPOS.ucLettersPad,Field,17,1
TailwindPOS.ucLettersPad.cbLetterN,TailwindPOS.ucLettersPad,Field,17,1
TailwindPOS.ucLettersPad.cbLetterO,TailwindPOS.ucLettersPad,Field,17,1
TailwindPOS.ucLettersPad.cbLetterJ,TailwindPOS.ucLettersPad,Field,17,1
TailwindPOS.ucLettersPad.cbLetterK,TailwindPOS.ucLettersPad,Field,17,1
TailwindPOS.ucLettersPad.cbLetterL,TailwindPOS.ucLettersPad,Field,17,1
TailwindPOS.ucLettersPad.cbLetterG,TailwindPOS.ucLettersPad,Field,17,1
TailwindPOS.ucLettersPad.cbLetterH,TailwindPOS.ucLettersPad,Field,17,1
TailwindPOS.ucLettersPad.cbLetterI,TailwindPOS.ucLettersPad,Field,17,1
TailwindPOS.ucLettersPad.cbLetterD,TailwindPOS.ucLettersPad,Field,17,1
TailwindPOS.ucLettersPad.cbLetterE,TailwindPOS.ucLettersPad,Field,17,1
TailwindPOS.ucLettersPad.cbLetterF,TailwindPOS.ucLettersPad,Field,17,1
TailwindPOS.ucLettersPad.cbLetterA,TailwindPOS.ucLettersPad,Field,17,1
TailwindPOS.ucLettersPad.cbLetterB,TailwindPOS.ucLettersPad,Field,17,1
TailwindPOS.ucLettersPad.cbLetterC,TailwindPOS.ucLettersPad,Field,17,1
TailwindPOS.ucLettersPad.cb_Number7,TailwindPOS.ucLettersPad,Field,16,1
TailwindPOS.ucLettersPad.cb_Number8,TailwindPOS.ucLettersPad,Field,16,1
TailwindPOS.ucLettersPad.cb_Number9,TailwindPOS.ucLettersPad,Field,16,1
TailwindPOS.ucLettersPad.cb_Number4,TailwindPOS.ucLettersPad,Field,16,1
TailwindPOS.ucLettersPad.cb_Number5,TailwindPOS.ucLettersPad,Field,16,1
TailwindPOS.ucLettersPad.cb_Number6,TailwindPOS.ucLettersPad,Field,16,1
TailwindPOS.ucLettersPad.cb_Number1,TailwindPOS.ucLettersPad,Field,16,1
TailwindPOS.ucLettersPad.cb_Number2,TailwindPOS.ucLettersPad,Field,16,1
TailwindPOS.ucLettersPad.cb_Number3,TailwindPOS.ucLettersPad,Field,16,1
TailwindPOS.ucLettersPad.cb_Enter,TailwindPOS.ucLettersPad,Field,16,1
TailwindPOS.ucLettersPad.cb_Number0,TailwindPOS.ucLettersPad,Field,15,1
TailwindPOS.ucLettersPad.cb_Period,TailwindPOS.ucLettersPad,Field,16,1
TailwindPOS.ucLettersPad.commandButtonHelper1,TailwindPOS.ucLettersPad,Field,45,1
TailwindPOS.ucLettersPad.m_capstate,TailwindPOS.ucLettersPad,Field,5,1
TailwindPOS.Config,TailwindPOS.Config,Type,4,1
TailwindPOS.Config.ReadConfigSetting,TailwindPOS.Config,Method,8,1
System.Reflection.AssemblyDescriptionAttribute..ctor,System.Reflection.AssemblyDescriptionAttribute,Method,1,1
TailwindPOS.frmSales.ConfirmVoidItem.itemRow,TailwindPOS.frmSales.ConfirmVoidItem.itemRow,Type,1,1
TailwindPOS.frmPayment.cbGiftCard_Click.giftCard,TailwindPOS.frmPayment.cbGiftCard_Click.giftCard,Type,3,1
TailwindPOS.frmSales.UpdateTotals.tempForEndVar,TailwindPOS.frmSales.UpdateTotals.tempForEndVar,Type,1,1
Tailwind_WinFormsSupport.PInvoke.SafeNative.kernel32.GetPrivateProfileString.nSize,Tailwind_WinFormsSupport.PInvoke.SafeNative.kernel32.GetPrivateProfileString.nSize,Type,1,1
System.DateTime,System.DateTime,Type,21,1
System.DateTime.FromOADate,System.DateTime,Method,4,1
System.DateTime.Parse,System.DateTime,Method,10,1
TailwindPOS.MainModule.SaveSale.pay,TailwindPOS.MainModule.SaveSale.pay,Type,3,1
System.DateTime.Now,System.DateTime,Property,4,1
Tailwind_WinFormsSupport.PInvoke.SafeNative.kernel32.GetPrivateProfileString.lpDefault,Tailwind_WinFormsSupport.PInvoke.SafeNative.kernel32.GetPrivateProfileString.lpDefault,Type,1,1
TailwindPOS.MainModule.SaveItem.POSID,TailwindPOS.MainModule.SaveItem.POSID,Type,1,1
UpgradeHelpers.Gui,UpgradeHelpers.Gui,Type,14,1
TailwindPOS.frmCashCount.UpdateTotals.Total,TailwindPOS.frmCashCount.UpdateTotals.Total,Type,12,1
TailwindPOS.frmPause.set_DefInstance.value,TailwindPOS.frmPause.set_DefInstance.value,Type,1,1
UpgradeHelpers.Helpers.CursorHelper,UpgradeHelpers.Helpers.CursorHelper,Type,3,1
UpgradeHelpers.Helpers.CursorHelper.CursorDefault,UpgradeHelpers.Helpers.CursorHelper,Field,3,0
TailwindPOS.MainModule.SaveNewCustomer.TempParameter_9,TailwindPOS.MainModule.SaveNewCustomer.TempParameter_9,Type,7,1
TailwindPOS.MainModule.CompleteTicket.command,TailwindPOS.MainModule.CompleteTicket.command,Type,13,1
System.Windows.Forms.TextImageRelation.ImageAboveText,System.Windows.Forms.TextImageRelation,Field,164,1
TailwindPOS.frmSales.UpdateTotals.Total,TailwindPOS.frmSales.UpdateTotals.Total,Type,5,1
System.Windows.Forms.TextImageRelation,System.Windows.Forms.TextImageRelation,Type,82,1
System.Drawing.GraphicsUnit.Point,System.Drawing.GraphicsUnit,Field,334,1
TailwindPOS.ucNumbersPad+OnNumberEventArgs..ctor.Number,TailwindPOS.ucNumbersPad+OnNumberEventArgs..ctor.Number,Type,1,1
System.Drawing.GraphicsUnit,System.Drawing.GraphicsUnit,Type,167,1
System.Reflection,System.Reflection,Type,26,1
System.Reflection.AssemblyTitleAttribute..ctor,System.Reflection.AssemblyTitleAttribute,Method,1,1
TailwindPOS.frmCashCount.set_DefInstance.value,TailwindPOS.frmCashCount.set_DefInstance.value,Type,1,1
TailwindPOS.MainModule.FindCustomers.objcommand,TailwindPOS.MainModule.FindCustomers.objcommand,Type,6,1
TailwindPOS.MainModule.PaymentStringToID.result,TailwindPOS.MainModule.PaymentStringToID.result,Type,5,1
MSXML2.IServerXMLHTTPRequest2.setOption,MSXML2.IServerXMLHTTPRequest2,Method,2,1
MSXML2.IServerXMLHTTPRequest2.open,MSXML2.IServerXMLHTTPRequest2,Method,2,1
MSXML2.IServerXMLHTTPRequest2.send,MSXML2.IServerXMLHTTPRequest2,Method,2,1
System.Reflection.AssemblyVersionAttribute..ctor,System.Reflection.AssemblyVersionAttribute,Method,1,1
MSXML2.IServerXMLHTTPRequest2.responseXML,MSXML2.IServerXMLHTTPRequest2,Property,1,1
MSXML2.IServerXMLHTTPRequest2.status,MSXML2.IServerXMLHTTPRequest2,Property,1,1
TailwindPOS.frmSales.set_DefInstance.value,TailwindPOS.frmSales.set_DefInstance.value,Type,1,1
TailwindPOS.frmSales.ucNumericKeyPad_OnEnterEvent.qty,TailwindPOS.frmSales.ucNumericKeyPad_OnEnterEvent.qty,Type,1,1
TailwindPOS.MainModule.RegisterBreakStart.TempParameter_3,TailwindPOS.MainModule.RegisterBreakStart.TempParameter_3,Type,7,1
TailwindPOS.MainModule.RegisterBreakStart.TempParameter_2,TailwindPOS.MainModule.RegisterBreakStart.TempParameter_2,Type,7,1
TailwindPOS.MainModule.SavePayment.TempParameter_3,TailwindPOS.MainModule.SavePayment.TempParameter_3,Type,7,1
System.Data.ParameterDirection,System.Data.ParameterDirection,Type,52,1
System.Data.ParameterDirection.Input,System.Data.ParameterDirection,Field,52,1
TailwindPOS.TicketItem.Description,TailwindPOS.TicketItem,Field,1,1
TailwindPOS.TicketItem.Code,TailwindPOS.TicketItem,Field,2,1
TailwindPOS.TicketItem.Units,TailwindPOS.TicketItem,Field,2,1
TailwindPOS.TicketItem.price,TailwindPOS.TicketItem,Field,2,1
TailwindPOS.TicketItem.Line,TailwindPOS.TicketItem,Field,2,1
TailwindPOS.TicketItem..ctor,TailwindPOS.TicketItem,Method,1,1
TailwindPOS.TicketItem,TailwindPOS.TicketItem,Type,7,1
TailwindPOS.MainModule.RegisterBreakStart.ShiftID,TailwindPOS.MainModule.RegisterBreakStart.ShiftID,Type,1,1
TailwindPOS.frmSales.AddLine.lastRow,TailwindPOS.frmSales.AddLine.lastRow,Type,5,1
TailwindPOS.MainModule.EndShiftWithAmount.ShiftID,TailwindPOS.MainModule.EndShiftWithAmount.ShiftID,Type,2,1
System.Windows.Forms.Label..ctor,System.Windows.Forms.Label,Method,44,1
System.Windows.Forms.Label,System.Windows.Forms.Label,Type,88,1
System.Drawing.Image,System.Drawing.Image,Type,1,0
TailwindPOS.frmPause.Form_Load.CurrentUserID,TailwindPOS.frmPause.Form_Load.CurrentUserID,Type,1,1
TailwindPOS.frmCashCount.frmCashCount_Activated.eventSender,TailwindPOS.frmCashCount.frmCashCount_Activated.eventSender,Type,2,1
System.Windows.Forms.Label.BorderStyle,System.Windows.Forms.Label,Property,88,1
System.Windows.Forms.Label.Text,System.Windows.Forms.Label,Property,112,1
System.Windows.Forms.Label.TextAlign,System.Windows.Forms.Label,Property,20,1
TailwindPOS.MainModule.SaveNewCustomer.FirstName,TailwindPOS.MainModule.SaveNewCustomer.FirstName,Type,1,1
System.Decimal,System.Decimal,Type,16,1
System.Decimal.Parse,System.Decimal,Method,32,1
System.Decimal.ToString,System.Decimal,Method,24,1
TailwindPOS.frmCashCount.ExitTextBox.contents,TailwindPOS.frmCashCount.ExitTextBox.contents,Type,1,1
TailwindPOS.MainModule.SaveNewCustomer.TempParameter_2,TailwindPOS.MainModule.SaveNewCustomer.TempParameter_2,Type,7,1
System.Windows.Forms.DialogResult.Yes,System.Windows.Forms.DialogResult,Field,6,1
MSXML2.ServerXMLHTTP60Class..ctor,MSXML2.ServerXMLHTTP60Class,Method,1,1
TailwindPOS.frmGiftCardCode.frmGiftCardCode_Activated.eventSender,TailwindPOS.frmGiftCardCode.frmGiftCardCode_Activated.eventSender,Type,2,1
System.Windows.Forms.DialogResult,System.Windows.Forms.DialogResult,Type,8,1
TailwindPOS.MainModule.GetCustomerInfo.query,TailwindPOS.MainModule.GetCustomerInfo.query,Type,1,1
TailwindPOS.MainModule.RegisterBreakEnd.conn,TailwindPOS.MainModule.RegisterBreakEnd.conn,Type,4,1
System.IntPtr,System.IntPtr,Type,2,1
TailwindPOS.MainModule.FindCustomers.rs,TailwindPOS.MainModule.FindCustomers.rs,Type,4,1
TailwindPOS.frmPayment.frmPayment_Activated.eventSender,TailwindPOS.frmPayment.frmPayment_Activated.eventSender,Type,2,1
UpgradeHelpers.DB.TransactionManager,UpgradeHelpers.DB.TransactionManager,Type,26,1
UpgradeHelpers.DB.TransactionManager.Rollback,UpgradeHelpers.DB.TransactionManager,Method,2,1
UpgradeHelpers.DB.TransactionManager.Commit,UpgradeHelpers.DB.TransactionManager,Method,2,1
UpgradeHelpers.DB.TransactionManager.Enlist,UpgradeHelpers.DB.TransactionManager,Method,2,1
UpgradeHelpers.DB.TransactionManager.SetCommandTransaction,UpgradeHelpers.DB.TransactionManager,Method,24,1
UpgradeHelpers.DB.TransactionManager.DeEnlist,UpgradeHelpers.DB.TransactionManager,Method,22,1
Microsoft.VisualBasic.Strings,Microsoft.VisualBasic.Strings,Type,6,1
Microsoft.VisualBasic.Strings.Chr,Microsoft.VisualBasic.Strings,Method,2,1
Microsoft.VisualBasic.Strings.Len,Microsoft.VisualBasic.Strings,Method,10,1
TailwindPOS.MainModule.SavePayment.pay,TailwindPOS.MainModule.SavePayment.pay,Type,3,1
TailwindPOS.frmSales.frmSales_Activated.eventSender,TailwindPOS.frmSales.frmSales_Activated.eventSender,Type,2,1
System.Security.SuppressUnmanagedCodeSecurityAttribute..ctor,System.Security.SuppressUnmanagedCodeSecurityAttribute,Method,1,1
Tailwind_WinFormsSupport.PInvoke.UnsafeNative.kernel32,Tailwind_WinFormsSupport.PInvoke.UnsafeNative.kernel32,Type,1,1
Tailwind_WinFormsSupport.PInvoke.UnsafeNative.kernel32.GetPrivateProfileString,Tailwind_WinFormsSupport.PInvoke.UnsafeNative.kernel32,Method,2,1
TailwindPOS.Config.ReadConfigSetting.ProfileString,TailwindPOS.Config.ReadConfigSetting.ProfileString,Type,1,1
TailwindPOS.MainModule.CreateTicket.UserID,TailwindPOS.MainModule.CreateTicket.UserID,Type,1,1
TailwindPOS.MainModule.RegisterBreakEnd.TempParameter,TailwindPOS.MainModule.RegisterBreakEnd.TempParameter,Type,7,1
TailwindPOS.MainModule.set_CurrentPOS.value,TailwindPOS.MainModule.set_CurrentPOS.value,Type,1,1
TailwindPOS.MainModule.RegisterBreakEnd.ShiftID,TailwindPOS.MainModule.RegisterBreakEnd.ShiftID,Type,1,1
TailwindPOS.MainModule.CreateTicket.TempParameter_4,TailwindPOS.MainModule.CreateTicket.TempParameter_4,Type,7,1
MSXML2.SERVERXMLHTTP_OPTION.SXH_OPTION_IGNORE_SERVER_SSL_CERT_ERROR_FLAGS,MSXML2.SERVERXMLHTTP_OPTION,Field,1,1
TailwindPOS.MainModule.CreateTicket.TempParameter_3,TailwindPOS.MainModule.CreateTicket.TempParameter_3,Type,7,1
TailwindPOS.MainModule.CreateTicket.TempParameter_2,TailwindPOS.MainModule.CreateTicket.TempParameter_2,Type,7,1
MSXML2.SERVERXMLHTTP_OPTION,MSXML2.SERVERXMLHTTP_OPTION,Type,1,1
TailwindPOS.MainModule.GetPOSSystems.rs,TailwindPOS.MainModule.GetPOSSystems.rs,Type,8,1
TailwindPOS.ucLettersPad.set_ShowChars.value,TailwindPOS.ucLettersPad.set_ShowChars.value,Type,2,1
System.Windows.Forms.AutoScaleMode.Font,System.Windows.Forms.AutoScaleMode,Field,7,0
System.Windows.Forms.AutoScaleMode,System.Windows.Forms.AutoScaleMode,Type,7,1
System.Reflection.AssemblyCopyrightAttribute..ctor,System.Reflection.AssemblyCopyrightAttribute,Method,1,1
TailwindPOS.frmSearchCust.SearchCustomer.index,TailwindPOS.frmSearchCust.SearchCustomer.index,Type,6,1
System.Windows.Forms.Control.ImeMode,System.Windows.Forms.Control,Property,1,0
TailwindPOS.frmSales.cbLogOff_Click.result,TailwindPOS.frmSales.cbLogOff_Click.result,Type,2,1
System.Windows.Forms.Control.Cursor,System.Windows.Forms.Control,Property,28,0
System.Windows.Forms.Control.Dock,System.Windows.Forms.Control,Property,2,1
System.Windows.Forms.Control.ClientSize,System.Windows.Forms.Control,Property,4,1
System.Windows.Forms.Control.IsDisposed,System.Windows.Forms.Control,Property,14,1
System.Windows.Forms.Control.AllowDrop,System.Windows.Forms.Control,Property,330,1
System.Windows.Forms.Control.Font,System.Windows.Forms.Control,Property,326,1
System.Windows.Forms.Control.BackColor,System.Windows.Forms.Control,Property,100,1
System.Windows.Forms.Control.Controls,System.Windows.Forms.Control,Property,324,1
System.Windows.Forms.Control.ForeColor,System.Windows.Forms.Control,Property,260,1
System.Windows.Forms.Control.Location,System.Windows.Forms.Control,Property,328,1
System.Windows.Forms.Control.Name,System.Windows.Forms.Control,Property,342,1
System.Windows.Forms.Control.RightToLeft,System.Windows.Forms.Control,Property,322,1
System.Windows.Forms.Control.Size,System.Windows.Forms.Control,Property,324,1
System.Windows.Forms.Control.TabIndex,System.Windows.Forms.Control,Property,322,1
System.Windows.Forms.Control.Enabled,System.Windows.Forms.Control,Property,8,1
System.Windows.Forms.Control.Visible,System.Windows.Forms.Control,Property,24,1
System.Windows.Forms.Control.KeyPress,System.Windows.Forms.Control,Event,2,1
System.Windows.Forms.Control.Click,System.Windows.Forms.Control,Event,162,1
System.Windows.Forms.Control.DoubleClick,System.Windows.Forms.Control,Event,2,1
System.Windows.Forms.Control.Enter,System.Windows.Forms.Control,Event,22,1
System.Windows.Forms.Control.Leave,System.Windows.Forms.Control,Event,22,1
System.Windows.Forms.Control.Focus,System.Windows.Forms.Control,Method,6,1
System.Windows.Forms.Control.Hide,System.Windows.Forms.Control,Method,36,1
System.Windows.Forms.Control.SuspendLayout,System.Windows.Forms.Control,Method,36,1
System.Windows.Forms.Control.ResumeLayout,System.Windows.Forms.Control,Method,36,1
System.Windows.Forms.DataGridViewCell.Value,System.Windows.Forms.DataGridViewCell,Property,80,1
TailwindPOS.MainModule.CreateTicket.CustomerID,TailwindPOS.MainModule.CreateTicket.CustomerID,Type,1,1
TailwindPOS.MainModule.ExtractData.nodeIterator,TailwindPOS.MainModule.ExtractData.nodeIterator,Type,1,1
TailwindPOS.MainModule.SavePayment.ticketID,TailwindPOS.MainModule.SavePayment.ticketID,Type,1,1
TailwindPOS.MainModule.SaveSale.itemIterator,TailwindPOS.MainModule.SaveSale.itemIterator,Type,1,1
System,System,Type,1077,1
TailwindPOS.MainModule.ValidateUserPasswordAdmin.TempParameter_2,TailwindPOS.MainModule.ValidateUserPasswordAdmin.TempParameter_2,Type,7,1
TailwindPOS.frmSearchCust.ucLettersPad_OnEnterEvent.e,TailwindPOS.frmSearchCust.ucLettersPad_OnEnterEvent.e,Type,1,1
System.Windows.Forms.TextBox.Text,System.Windows.Forms.TextBox,Property,392,1
System.Windows.Forms.TextBox.AcceptsReturn,System.Windows.Forms.TextBox,Property,50,1
System.Windows.Forms.TextBox.PasswordChar,System.Windows.Forms.TextBox,Property,10,1
System.Windows.Forms.TextBox.TextAlign,System.Windows.Forms.TextBox,Property,26,1
System.Guid,System.Guid,Type,3,1
System.Guid.NewGuid,System.Guid,Method,6,1
System.Guid.ToString,System.Guid,Method,6,1
System.Windows.Forms.TextBox..ctor,System.Windows.Forms.TextBox,Method,25,1
System.Windows.Forms.TextBox,System.Windows.Forms.TextBox,Type,53,1
TailwindPOS.MainModule.SaveNewCustomer.TempParameter_3,TailwindPOS.MainModule.SaveNewCustomer.TempParameter_3,Type,7,1
TailwindPOS.MainModule.StartShiftWithAmount.TempParameter,TailwindPOS.MainModule.StartShiftWithAmount.TempParameter,Type,7,1
System.Windows.Forms.ImeMode.Disable,System.Windows.Forms.ImeMode,Field,2,1
System.Object,System.Object,Type,132,1
System.Object.GetType,System.Object,Method,14,1
TailwindPOS.frmPause.cbReturn_Click.cash,TailwindPOS.frmPause.cbReturn_Click.cash,Type,3,1
System.Windows.Forms.ImeMode,System.Windows.Forms.ImeMode,Type,1,1
TailwindPOS.Config.ReadConfigSetting.sSection,TailwindPOS.Config.ReadConfigSetting.sSection,Type,1,1
TailwindPOS.MainModule.RegisterBreakEnd.TempParameter_3,TailwindPOS.MainModule.RegisterBreakEnd.TempParameter_3,Type,7,1
TailwindPOS.MainModule.RegisterBreakEnd.TempParameter_2,TailwindPOS.MainModule.RegisterBreakEnd.TempParameter_2,Type,7,1
Tailwind_WinFormsSupport.PInvoke.SafeNative,Tailwind_WinFormsSupport.PInvoke.SafeNative,Type,1,1
TailwindPOS.frmPayment.GetPayments.payments,TailwindPOS.frmPayment.GetPayments.payments,Type,2,1
TailwindPOS.MainModule.RegisterBreakEnd.TempParameter_4,TailwindPOS.MainModule.RegisterBreakEnd.TempParameter_4,Type,7,1
System.Reflection.AssemblyTrademarkAttribute..ctor,System.Reflection.AssemblyTrademarkAttribute,Method,1,1
System.Data.Common.DbCommand.CommandType,System.Data.Common.DbCommand,Property,2,1
System.Data.Common.DbCommand.Connection,System.Data.Common.DbCommand,Property,14,1
System.Data.Common.DbCommand.CommandText,System.Data.Common.DbCommand,Property,14,1
System.Data.Common.DbCommand.Parameters,System.Data.Common.DbCommand,Property,52,1
System.Data.Common.DbCommand.ExecuteNonQuery,System.Data.Common.DbCommand,Method,18,1
System.Data.Common.DbCommand.CreateParameter,System.Data.Common.DbCommand,Method,104,1
System.Data.Common.DbCommand,System.Data.Common.DbCommand,Type,14,1
MSXML2.ServerXMLHTTP60,MSXML2.ServerXMLHTTP60,Type,2,1
TailwindPOS.frmSearchCust.SearchCustomer.customerInfo,TailwindPOS.frmSearchCust.SearchCustomer.customerInfo,Type,1,1
Tailwind_WinFormsSupport.PInvoke.SafeNative.kernel32.GetPrivateProfileString.lpApplicationName,Tailwind_WinFormsSupport.PInvoke.SafeNative.kernel32.GetPrivateProfileString.lpApplicationName,Type,1,1
TailwindPOS.MainModule.GetCustomerInfo.CustomerID,TailwindPOS.MainModule.GetCustomerInfo.CustomerID,Type,1,1
TailwindPOS.frmSales.GetItems.price,TailwindPOS.frmSales.GetItems.price,Type,2,1
TailwindPOS.MainModule.ValidateUserPassword.TempParameter,TailwindPOS.MainModule.ValidateUserPassword.TempParameter,Type,7,1
TailwindPOS.frmPayment.GetPayments.totalRows,TailwindPOS.frmPayment.GetPayments.totalRows,Type,1,1
System.Windows.Forms.FormStartPosition,System.Windows.Forms.FormStartPosition,Type,6,1
TailwindPOS.frmSales.AddLine.Description,TailwindPOS.frmSales.AddLine.Description,Type,1,1
System.Windows.Forms.FormStartPosition.CenterScreen,System.Windows.Forms.FormStartPosition,Field,12,1
TailwindPOS.MainModule.SavePayment.command,TailwindPOS.MainModule.SavePayment.command,Type,15,1
System.Windows.Forms.ButtonBase.BackColor,System.Windows.Forms.ButtonBase,Property,174,1
System.Windows.Forms.ButtonBase.Text,System.Windows.Forms.ButtonBase,Property,220,1
System.Windows.Forms.ButtonBase.TextImageRelation,System.Windows.Forms.ButtonBase,Property,164,1
System.Windows.Forms.ButtonBase.UseVisualStyleBackColor,System.Windows.Forms.ButtonBase,Property,164,1
TailwindPOS.frmSales.GetItems.coll,TailwindPOS.frmSales.GetItems.coll,Type,2,1
TailwindPOS.ucLettersPad+OnEnterEventEventArgs.Text_Renamed,TailwindPOS.ucLettersPad+OnEnterEventEventArgs,Field,2,1
TailwindPOS.MainModule.ValidateUserPasswordAdmin.conn,TailwindPOS.MainModule.ValidateUserPasswordAdmin.conn,Type,3,1
UpgradeHelpers.DB.AdoFactoryManager,UpgradeHelpers.DB.AdoFactoryManager,Type,16,1
UpgradeHelpers.DB.AdoFactoryManager.GetFactory,UpgradeHelpers.DB.AdoFactoryManager,Method,32,1
TailwindPOS.ucLettersPad+OnEnterEventEventArgs..ctor,TailwindPOS.ucLettersPad+OnEnterEventEventArgs,Method,1,1
TailwindPOS.ucLettersPad+OnEnterEventEventArgs,TailwindPOS.ucLettersPad+OnEnterEventEventArgs,Type,3,1
TailwindPOS.frmSales.GetItems.Code,TailwindPOS.frmSales.GetItems.Code,Type,2,1
TailwindPOS.MainModule.EndShiftWithAmount.TempParameter,TailwindPOS.MainModule.EndShiftWithAmount.TempParameter,Type,7,1
TailwindPOS.ucNumbersPad+OnEnterEventEventArgs..ctor.Text_Renamed,TailwindPOS.ucNumbersPad+OnEnterEventEventArgs..ctor.Text_Renamed,Type,1,1
TailwindPOS.MainModule.SaveItem.ticketID,TailwindPOS.MainModule.SaveItem.ticketID,Type,1,1
TailwindPOS.frmSales.cbPayment_Click.payments,TailwindPOS.frmSales.cbPayment_Click.payments,Type,2,1
TailwindPOS.ShiftInfo.UserID,TailwindPOS.ShiftInfo,Field,6,1
TailwindPOS.ShiftInfo.ShiftID,TailwindPOS.ShiftInfo,Field,5,1
TailwindPOS.ShiftInfo,TailwindPOS.ShiftInfo,Type,3,1
TailwindPOS.ShiftInfo..ctor,TailwindPOS.ShiftInfo,Method,1,1
System.Reflection.AssemblyCompanyAttribute..ctor,System.Reflection.AssemblyCompanyAttribute,Method,1,1
TailwindPOS.frmSales.GetItems.Desc,TailwindPOS.frmSales.GetItems.Desc,Type,2,1
System.Runtime.InteropServices.Marshal,System.Runtime.InteropServices.Marshal,Type,3,1
System.Runtime.InteropServices.Marshal.FreeHGlobal,System.Runtime.InteropServices.Marshal,Method,2,1
System.Runtime.InteropServices.Marshal.PtrToStringAnsi,System.Runtime.InteropServices.Marshal,Method,2,1
System.Runtime.InteropServices.Marshal.StringToHGlobalAnsi,System.Runtime.InteropServices.Marshal,Method,2,1
TailwindPOS.frmSales.UpdateTotals.i,TailwindPOS.frmSales.UpdateTotals.i,Type,5,1
TailwindPOS.MainModule.SaveNewCustomer.Phone,TailwindPOS.MainModule.SaveNewCustomer.Phone,Type,1,1
System.ComponentModel.BrowsableAttribute..ctor,System.ComponentModel.BrowsableAttribute,Method,6,1
System.Windows.Forms.BorderStyle,System.Windows.Forms.BorderStyle,Type,70,1
System.Windows.Forms.BorderStyle.FixedSingle,System.Windows.Forms.BorderStyle,Field,2,1
System.Windows.Forms.BorderStyle.Fixed3D,System.Windows.Forms.BorderStyle,Field,50,1
System.Windows.Forms.BorderStyle.None,System.Windows.Forms.BorderStyle,Field,88,1
TailwindPOS.frmCustAdd..ctor,TailwindPOS.frmCustAdd,Method,2,1
TailwindPOS.frmCustAdd.cbClose_Click,TailwindPOS.frmCustAdd,Method,1,1
TailwindPOS.frmCustAdd.cbSave_Click,TailwindPOS.frmCustAdd,Method,1,1
TailwindPOS.frmCustAdd.InitializeComponent,TailwindPOS.frmCustAdd,Method,2,1
TailwindPOS.frmCustAdd.ClearFields,TailwindPOS.frmCustAdd,Method,2,1
TailwindPOS.frmCustAdd.frmCustAdd_Activated,TailwindPOS.frmCustAdd,Method,1,1
TailwindPOS.frmCustAdd.Form_Closed,TailwindPOS.frmCustAdd,Method,1,1
TailwindPOS.frmCustAdd,TailwindPOS.frmCustAdd,Type,6,1
TailwindPOS.frmPayment.cbCreditCard_Click.results,TailwindPOS.frmPayment.cbCreditCard_Click.results,Type,1,1
TailwindPOS.frmCustAdd.SavedCustomerID,TailwindPOS.frmCustAdd,Property,1,1
TailwindPOS.frmCustAdd.SavedCustomer,TailwindPOS.frmCustAdd,Property,1,1
TailwindPOS.frmCustAdd.m_vb6FormDefInstance,TailwindPOS.frmCustAdd,Field,8,1
TailwindPOS.frmCustAdd.m_InitializingDefInstance,TailwindPOS.frmCustAdd,Field,3,1
TailwindPOS.frmCustAdd.components,TailwindPOS.frmCustAdd,Field,3,1
TailwindPOS.frmCustAdd.ToolTipMain,TailwindPOS.frmCustAdd,Field,1,1
TailwindPOS.frmCustAdd.cbClose,TailwindPOS.frmCustAdd,Field,16,1
TailwindPOS.frmCustAdd.cbSave,TailwindPOS.frmCustAdd,Field,16,1
TailwindPOS.frmCustAdd.txtPhone,TailwindPOS.frmCustAdd,Field,17,1
TailwindPOS.frmCustAdd.txtCounty,TailwindPOS.frmCustAdd,Field,17,1
TailwindPOS.frmCustAdd.txtZipCode,TailwindPOS.frmCustAdd,Field,17,1
TailwindPOS.frmCustAdd.txtState,TailwindPOS.frmCustAdd,Field,17,1
TailwindPOS.frmCustAdd.txtCity,TailwindPOS.frmCustAdd,Field,17,1
TailwindPOS.frmCustAdd.txtStreetAddress2,TailwindPOS.frmCustAdd,Field,17,1
TailwindPOS.frmCustAdd.txtStreetAddress1,TailwindPOS.frmCustAdd,Field,17,1
TailwindPOS.frmCustAdd.txtCompany,TailwindPOS.frmCustAdd,Field,17,1
TailwindPOS.frmCustAdd.txtEmail,TailwindPOS.frmCustAdd,Field,17,1
TailwindPOS.frmCustAdd.txtLastName,TailwindPOS.frmCustAdd,Field,17,1
TailwindPOS.frmCustAdd.txtFirstName,TailwindPOS.frmCustAdd,Field,17,1
TailwindPOS.frmCustAdd.lblCompany,TailwindPOS.frmCustAdd,Field,13,1
TailwindPOS.frmCustAdd.lblCounty,TailwindPOS.frmCustAdd,Field,13,1
TailwindPOS.frmCustAdd.lblCity,TailwindPOS.frmCustAdd,Field,13,1
TailwindPOS.frmCustAdd.lblState,TailwindPOS.frmCustAdd,Field,13,1
TailwindPOS.frmCustAdd.lblZipCode,TailwindPOS.frmCustAdd,Field,13,1
TailwindPOS.frmCustAdd.lblStreetAdress2,TailwindPOS.frmCustAdd,Field,13,1
TailwindPOS.frmCustAdd.lblStreetAddress1,TailwindPOS.frmCustAdd,Field,13,1
TailwindPOS.frmCustAdd.lblPhone,TailwindPOS.frmCustAdd,Field,13,1
TailwindPOS.frmCustAdd.lblEmail,TailwindPOS.frmCustAdd,Field,13,1
TailwindPOS.frmCustAdd.lblLastName,TailwindPOS.frmCustAdd,Field,13,1
TailwindPOS.frmCustAdd.lblFirstName,TailwindPOS.frmCustAdd,Field,13,1
TailwindPOS.frmCustAdd.commandButtonHelper1,TailwindPOS.frmCustAdd,Field,3,1
TailwindPOS.frmCustAdd.m_savedCustomerID,TailwindPOS.frmCustAdd,Field,2,1
TailwindPOS.frmCustAdd.m_savedCustomer,TailwindPOS.frmCustAdd,Field,3,1
TailwindPOS.MainModule.CreateTicket.conn,TailwindPOS.MainModule.CreateTicket.conn,Type,2,1
TailwindPOS.MainModule.SaveItem.conn,TailwindPOS.MainModule.SaveItem.conn,Type,1,1
TailwindPOS.frmPayment.ToolTipMain,TailwindPOS.frmPayment,Field,1,1
TailwindPOS.frmPayment.m_vb6FormDefInstance,TailwindPOS.frmPayment,Field,8,1
TailwindPOS.frmPayment.m_InitializingDefInstance,TailwindPOS.frmPayment,Field,3,1
TailwindPOS.frmPayment.m_paymentDone,TailwindPOS.frmPayment,Field,3,1
TailwindPOS.frmPayment.m_transactionAmount,TailwindPOS.frmPayment,Field,6,1
TailwindPOS.frmPayment.components,TailwindPOS.frmPayment,Field,4,1
TailwindPOS.frmPayment.gbPayments,TailwindPOS.frmPayment,Field,24,1
TailwindPOS.frmPayment.cbCash,TailwindPOS.frmPayment,Field,16,1
TailwindPOS.frmPayment.cbCreditCard,TailwindPOS.frmPayment,Field,16,1
TailwindPOS.frmPayment.cbCheck,TailwindPOS.frmPayment,Field,16,1
TailwindPOS.frmPayment.cbGiftCard,TailwindPOS.frmPayment,Field,16,1
TailwindPOS.frmPayment.ucNumbers,TailwindPOS.frmPayment,Field,14,1
TailwindPOS.frmPayment.cbFinishPayment,TailwindPOS.frmPayment,Field,16,1
TailwindPOS.frmPayment.fgPayments,TailwindPOS.frmPayment,Field,38,1
TailwindPOS.frmPayment.cb_Cancel,TailwindPOS.frmPayment,Field,16,1
TailwindPOS.frmPayment.lblPaymentReady,TailwindPOS.frmPayment,Field,15,1
TailwindPOS.frmPayment.lblChange,TailwindPOS.frmPayment,Field,16,1
TailwindPOS.frmPayment.lblChangeTitle,TailwindPOS.frmPayment,Field,14,1
TailwindPOS.frmPayment.lblPaidSoFarTitle,TailwindPOS.frmPayment,Field,14,1
TailwindPOS.frmPayment.lblRemaining,TailwindPOS.frmPayment,Field,15,1
TailwindPOS.frmPayment.lblRemaingTitle,TailwindPOS.frmPayment,Field,14,1
TailwindPOS.frmPayment.commandButtonHelper1,TailwindPOS.frmPayment,Field,7,1
TailwindPOS.frmPayment.resultString,TailwindPOS.frmPayment,Field,5,1
TailwindPOS.frmPayment.m_paidSoFar,TailwindPOS.frmPayment,Field,5,1
TailwindPOS.MainModule.CreateTicket.TempParameter,TailwindPOS.MainModule.CreateTicket.TempParameter,Type,7,1
TailwindPOS.frmPause..ctor,TailwindPOS.frmPause,Method,2,1
TailwindPOS.frmPause.cbReturn_Click,TailwindPOS.frmPause,Method,1,1
TailwindPOS.frmPause.frmPause_Activated,TailwindPOS.frmPause,Method,1,1
TailwindPOS.frmPause.Form_Closed,TailwindPOS.frmPause,Method,1,1
TailwindPOS.frmPause.Form_Load,TailwindPOS.frmPause,Method,1,1
TailwindPOS.frmPause.InitializeComponent,TailwindPOS.frmPause,Method,2,1
TailwindPOS.frmPause,TailwindPOS.frmPause,Type,6,1
TailwindPOS.frmPayment.GetPayments,TailwindPOS.frmPayment,Method,2,1
TailwindPOS.frmPayment..ctor,TailwindPOS.frmPayment,Method,2,1
TailwindPOS.frmPayment.InitializeComponent,TailwindPOS.frmPayment,Method,2,1
TailwindPOS.frmPayment.UpdateTotals,TailwindPOS.frmPayment,Method,6,1
TailwindPOS.frmPayment.AddPayment,TailwindPOS.frmPayment,Method,8,1
TailwindPOS.frmPayment.cbCash_Click,TailwindPOS.frmPayment,Method,1,1
TailwindPOS.frmPayment.cbCreditCard_Click,TailwindPOS.frmPayment,Method,1,1
TailwindPOS.frmPayment.cbCheck_Click,TailwindPOS.frmPayment,Method,1,1
TailwindPOS.frmPayment.cbGiftCard_Click,TailwindPOS.frmPayment,Method,1,1
TailwindPOS.frmPayment.cbFinishPayment_Click,TailwindPOS.frmPayment,Method,1,1
TailwindPOS.frmPayment.cb_Cancel_Click,TailwindPOS.frmPayment,Method,1,1
TailwindPOS.frmPayment.frmPayment_Activated,TailwindPOS.frmPayment,Method,1,1
TailwindPOS.frmPayment.Form_Closed,TailwindPOS.frmPayment,Method,1,1
TailwindPOS.frmPayment.Form_Load,TailwindPOS.frmPayment,Method,1,1
TailwindPOS.frmPayment.SumPayments,TailwindPOS.frmPayment,Method,2,1
TailwindPOS.frmPayment,TailwindPOS.frmPayment,Type,6,1
TailwindPOS.frmPause.m_vb6FormDefInstance,TailwindPOS.frmPause,Field,8,1
TailwindPOS.frmPause.m_InitializingDefInstance,TailwindPOS.frmPause,Field,3,1
TailwindPOS.frmPause.components,TailwindPOS.frmPause,Field,3,1
TailwindPOS.frmPause.ToolTipMain,TailwindPOS.frmPause,Field,1,1
TailwindPOS.frmPause.cbReturn,TailwindPOS.frmPause,Field,16,1
TailwindPOS.frmPause.lblPauseMessage,TailwindPOS.frmPause,Field,15,1
TailwindPOS.frmPause.commandButtonHelper1,TailwindPOS.frmPause,Field,2,1
TailwindPOS.frmPause.m_BreakId,TailwindPOS.frmPause,Field,4,1
TailwindPOS.frmPayment.PaymentDone,TailwindPOS.frmPayment,Property,1,1
TailwindPOS.frmPayment.TransactionAmount,TailwindPOS.frmPayment,Property,1,1
TailwindPOS.frmPayment.AddPayment.paymentType,TailwindPOS.frmPayment.AddPayment.paymentType,Type,1,1
System.Drawing.SystemColors.ControlText,System.Drawing.SystemColors,Property,190,1
System.Drawing.SystemColors.Window,System.Drawing.SystemColors,Property,32,1
System.Drawing.SystemColors.WindowText,System.Drawing.SystemColors,Property,24,1
System.Drawing.SystemColors.Control,System.Drawing.SystemColors,Property,2,1
System.Drawing.SystemColors,System.Drawing.SystemColors,Type,124,1
TailwindPOS.MainModule.SavePayment.TempParameter_4,TailwindPOS.MainModule.SavePayment.TempParameter_4,Type,7,1
TailwindPOS.MainModule.StartShiftWithAmount.conn,TailwindPOS.MainModule.StartShiftWithAmount.conn,Type,4,1
System.Runtime.InteropServices.ClassInterfaceAttribute..ctor,System.Runtime.InteropServices.ClassInterfaceAttribute,Method,1,1
TailwindPOS.frmSales.LoadCustomerInfo.customer,TailwindPOS.frmSales.LoadCustomerInfo.customer,Type,1,1
TailwindPOS.MainModule.PadAmount.amount,TailwindPOS.MainModule.PadAmount.amount,Type,2,1
MSXML2.IXMLDOMDocument3.selectNodes,MSXML2.IXMLDOMDocument3,Method,2,1
TailwindPOS.frmSales.UpdateTotals.price,TailwindPOS.frmSales.UpdateTotals.price,Type,2,1
TailwindPOS.frmSales.ucNumericKeyPad_OnEnterEvent.Total,TailwindPOS.frmSales.ucNumericKeyPad_OnEnterEvent.Total,Type,1,1
TailwindPOS.MainModule.GetCustomerInfo.objcommand,TailwindPOS.MainModule.GetCustomerInfo.objcommand,Type,6,1
System.Windows.Forms.PictureBoxSizeMode,System.Windows.Forms.PictureBoxSizeMode,Type,1,1
System.Windows.Forms.PictureBoxSizeMode.AutoSize,System.Windows.Forms.PictureBoxSizeMode,Field,2,1
TailwindPOS.MainModule.SavePayment.TempParameter_2,TailwindPOS.MainModule.SavePayment.TempParameter_2,Type,7,1
TailwindPOS.frmSales.GetItems.i,TailwindPOS.frmSales.GetItems.i,Type,7,1
TailwindPOS.MainModule.FindProductByCode.productCode,TailwindPOS.MainModule.FindProductByCode.productCode,Type,2,1
TailwindPOS.MainModule.CompleteTicket.TempParameter_2,TailwindPOS.MainModule.CompleteTicket.TempParameter_2,Type,7,1
TailwindPOS.MainModule.CompleteTicket.TempParameter_3,TailwindPOS.MainModule.CompleteTicket.TempParameter_3,Type,7,1
TailwindPOS.MainModule.ValidateUserPassword.conn,TailwindPOS.MainModule.ValidateUserPassword.conn,Type,3,1
TailwindPOS.MainModule.CompleteTicket.TempParameter_4,TailwindPOS.MainModule.CompleteTicket.TempParameter_4,Type,7,1
TailwindPOS.MainModule.ValidateUserPassword.TempParameter_2,TailwindPOS.MainModule.ValidateUserPassword.TempParameter_2,Type,7,1
TailwindPOS.Payment,TailwindPOS.Payment,Type,7,1
System.EventHandler,System.EventHandler,Type,246,1
TailwindPOS.Payment..ctor,TailwindPOS.Payment,Method,1,1
TailwindPOS.MainModule.StartShiftWithAmount.TempParameter_3,TailwindPOS.MainModule.StartShiftWithAmount.TempParameter_3,Type,7,1
TailwindPOS.MainModule.StartShiftWithAmount.TempParameter_4,TailwindPOS.MainModule.StartShiftWithAmount.TempParameter_4,Type,7,1
TailwindPOS.MainModule.StartShiftWithAmount.TempParameter_2,TailwindPOS.MainModule.StartShiftWithAmount.TempParameter_2,Type,7,1
TailwindPOS.Payment.PaymentType,TailwindPOS.Payment,Field,2,1
TailwindPOS.Payment.PaymentAmount,TailwindPOS.Payment,Field,2,1
TailwindPOS.Payment.PaymentInfo,TailwindPOS.Payment,Field,2,1
TailwindPOS.MainModule.SaveNewCustomer.State,TailwindPOS.MainModule.SaveNewCustomer.State,Type,1,1
TailwindPOS.MainModule.SavePayment.TempParameter_5,TailwindPOS.MainModule.SavePayment.TempParameter_5,Type,7,1
TailwindPOS.frmSales.ucNumericKeyPad_OnEnterEvent.price,TailwindPOS.frmSales.ucNumericKeyPad_OnEnterEvent.price,Type,2,1
TailwindPOS.frmPayment.set_DefInstance.value,TailwindPOS.frmPayment.set_DefInstance.value,Type,1,1
TailwindPOS.MainModule.SaveNewCustomer.Email,TailwindPOS.MainModule.SaveNewCustomer.Email,Type,1,1
TailwindPOS.MainModule.GetCustomerInfo.rs,TailwindPOS.MainModule.GetCustomerInfo.rs,Type,7,1
Tailwind_WinFormsSupport.PInvoke.UnsafeNative,Tailwind_WinFormsSupport.PInvoke.UnsafeNative,Type,1,1
System.Windows.Forms.Form.ShowDialog,System.Windows.Forms.Form,Method,24,1
System.Windows.Forms.Form,System.Windows.Forms.Form,Type,14,1
System.Windows.Forms.Form.Location,System.Windows.Forms.Form,Property,7,0
System.Windows.Forms.Form.ShowInTaskbar,System.Windows.Forms.Form,Property,3,0
System.Windows.Forms.Form.StartPosition,System.Windows.Forms.Form,Property,6,0
System.Windows.Forms.Form.Activated,System.Windows.Forms.Form,Event,14,1
System.Windows.Forms.Form.Closed,System.Windows.Forms.Form,Event,14,1
System.Windows.Forms.Form.Load,System.Windows.Forms.Form,Event,10,1
System.Windows.Forms.Form.BackColor,System.Windows.Forms.Form,Property,14,1
System.Windows.Forms.Form.ClientSize,System.Windows.Forms.Form,Property,14,1
System.Windows.Forms.Form.ControlBox,System.Windows.Forms.Form,Property,8,1
System.Windows.Forms.Form.FormBorderStyle,System.Windows.Forms.Form,Property,6,1
System.Windows.Forms.Form.MaximizeBox,System.Windows.Forms.Form,Property,14,1
System.Windows.Forms.Form.MinimizeBox,System.Windows.Forms.Form,Property,14,1
System.Windows.Forms.Form.Text,System.Windows.Forms.Form,Property,14,1
TailwindPOS.frmCustAdd.frmCustAdd_Activated.eventSender,TailwindPOS.frmCustAdd.frmCustAdd_Activated.eventSender,Type,2,1
System.ComponentModel.IContainer,System.ComponentModel.IContainer,Type,9,1
TailwindPOS.MainModule.SaveItem.item,TailwindPOS.MainModule.SaveItem.item,Type,4,1
TailwindPOS.MainModule.SaveNewCustomer.LastName,TailwindPOS.MainModule.SaveNewCustomer.LastName,Type,1,1
TailwindPOS.MainModule.SaveNewCustomer.TempParameter_5,TailwindPOS.MainModule.SaveNewCustomer.TempParameter_5,Type,7,1
System.Windows.Forms.Button..ctor,System.Windows.Forms.Button,Method,82,1
TailwindPOS.MainModule.SavePayment.POSID,TailwindPOS.MainModule.SavePayment.POSID,Type,1,1
System.Windows.Forms.Button,System.Windows.Forms.Button,Type,164,1
TailwindPOS.MainModule.SavePayment.TempParameter,TailwindPOS.MainModule.SavePayment.TempParameter,Type,7,1
TailwindPOS.MainModule.SaveNewCustomer.StreetAddress1,TailwindPOS.MainModule.SaveNewCustomer.StreetAddress1,Type,2,1
System.Drawing.ContentAlignment,System.Drawing.ContentAlignment,Type,10,1
System.Drawing.ContentAlignment.TopRight,System.Drawing.ContentAlignment,Field,18,1
System.Drawing.ContentAlignment.TopCenter,System.Drawing.ContentAlignment,Field,2,1
TailwindPOS.MainModule.Main.POS,TailwindPOS.MainModule.Main.POS,Type,4,1
System.Environment.NewLine,System.Environment,Property,1,1
TailwindPOS.frmPayment.GetPayments.tempForEndVar,TailwindPOS.frmPayment.GetPayments.tempForEndVar,Type,1,1
System.Environment,System.Environment,Type,1,1
TailwindPOS.ucNumbersPad.set_ShowEnter.value,TailwindPOS.ucNumbersPad.set_ShowEnter.value,Type,1,1
TailwindPOS.frmPayment.cbCreditCard_Click.invoice,TailwindPOS.frmPayment.cbCreditCard_Click.invoice,Type,1,1
TailwindPOS.ucNumbersPad.txtAmount_KeyPress.eventArgs,TailwindPOS.ucNumbersPad.txtAmount_KeyPress.eventArgs,Type,3,1
UpgradeHelpers.Helpers,UpgradeHelpers.Helpers,Type,3,1
System.Runtime.InteropServices.UnmanagedType.VBByRefStr,System.Runtime.InteropServices.UnmanagedType,Field,4,1
TailwindPOS.MainModule.ReadConfig.tempRefParam,TailwindPOS.MainModule.ReadConfig.tempRefParam,Type,1,1
TailwindPOS.MainModule.RegisterBreakStart.TempParameter,TailwindPOS.MainModule.RegisterBreakStart.TempParameter,Type,7,1
TailwindPOS.MainModule.FindProductByCode.response,TailwindPOS.MainModule.FindProductByCode.response,Type,3,1
System.Runtime.InteropServices.UnmanagedType,System.Runtime.InteropServices.UnmanagedType,Type,4,1
UpgradeHelpers.Gui.Utils.ActivateHelper,UpgradeHelpers.Gui.Utils.ActivateHelper,Type,14,1
UpgradeHelpers.Gui.Utils.ActivateHelper.myActiveForm,UpgradeHelpers.Gui.Utils.ActivateHelper,Field,14,0
System.Double,System.Double,Type,18,1
System.Double.Parse,System.Double,Method,36,1
TailwindPOS.frmSearchCust.frmSearchCust_Activated.eventSender,TailwindPOS.frmSearchCust.frmSearchCust_Activated.eventSender,Type,2,1
System.Windows.Forms.KeyPressEventArgs,System.Windows.Forms.KeyPressEventArgs,Type,1,1
System.Windows.Forms.KeyPressEventArgs.Handled,System.Windows.Forms.KeyPressEventArgs,Property,2,1
System.Windows.Forms.KeyPressEventArgs.KeyChar,System.Windows.Forms.KeyPressEventArgs,Property,4,1
System.Windows.Forms.Control+ControlCollection.Add,System.Windows.Forms.Control+ControlCollection,Method,486,1
UpgradeHelpers.Helpers.DateTimeHelper.ToString,UpgradeHelpers.Helpers.DateTimeHelper,Method,10,1
UpgradeHelpers.Helpers.DateTimeHelper,UpgradeHelpers.Helpers.DateTimeHelper,Type,5,1
TailwindPOS.MainModule.RegisterBreakStart.StartTime,TailwindPOS.MainModule.RegisterBreakStart.StartTime,Type,3,1
Tailwind_WinFormsSupport.PInvoke.SafeNative.kernel32.GetPrivateProfileString.result,Tailwind_WinFormsSupport.PInvoke.SafeNative.kernel32.GetPrivateProfileString.result,Type,2,1
TailwindPOS.MainModule.SaveNewCustomer.TempParameter_6,TailwindPOS.MainModule.SaveNewCustomer.TempParameter_6,Type,7,1
TailwindPOS.frmSales.SearchAndAddProduct.ProductDescription,TailwindPOS.frmSales.SearchAndAddProduct.ProductDescription,Type,2,1
TailwindPOS.frmCashCount.m_vb6FormDefInstance,TailwindPOS.frmCashCount,Field,8,1
TailwindPOS.frmCashCount.m_InitializingDefInstance,TailwindPOS.frmCashCount,Field,3,1
TailwindPOS.frmCashCount.components,TailwindPOS.frmCashCount,Field,3,1
TailwindPOS.frmCashCount.ToolTipMain,TailwindPOS.frmCashCount,Field,1,1
TailwindPOS.frmCashCount.txtHalfDollars,TailwindPOS.frmCashCount,Field,24,1
TailwindPOS.frmCashCount.txtPennies,TailwindPOS.frmCashCount,Field,24,1
TailwindPOS.frmCashCount.txtNickels,TailwindPOS.frmCashCount,Field,24,1
TailwindPOS.frmCashCount.txtDimes,TailwindPOS.frmCashCount,Field,24,1
TailwindPOS.frmCashCount.txtQuarters,TailwindPOS.frmCashCount,Field,24,1
TailwindPOS.frmCashCount.txtOnes,TailwindPOS.frmCashCount,Field,24,1
TailwindPOS.frmCashCount.txtFives,TailwindPOS.frmCashCount,Field,24,1
TailwindPOS.frmCashCount.txtTens,TailwindPOS.frmCashCount,Field,24,1
TailwindPOS.frmCashCount.txtHundreds,TailwindPOS.frmCashCount,Field,24,1
TailwindPOS.frmCashCount.txtTwenties,TailwindPOS.frmCashCount,Field,24,1
TailwindPOS.frmCashCount.txtFifties,TailwindPOS.frmCashCount,Field,26,1
TailwindPOS.frmCashCount.cbOK,TailwindPOS.frmCashCount,Field,16,1
TailwindPOS.frmCashCount.cbClear,TailwindPOS.frmCashCount,Field,16,1
TailwindPOS.frmCashCount.ucNumbers,TailwindPOS.frmCashCount,Field,11,1
TailwindPOS.frmCashCount.lblMessage,TailwindPOS.frmCashCount,Field,13,1
TailwindPOS.frmCashCount.lblPennies,TailwindPOS.frmCashCount,Field,13,1
TailwindPOS.frmCashCount.lblNickels,TailwindPOS.frmCashCount,Field,13,1
TailwindPOS.frmCashCount.lblDimes,TailwindPOS.frmCashCount,Field,13,1
TailwindPOS.frmCashCount.lblQuarters,TailwindPOS.frmCashCount,Field,13,1
TailwindPOS.frmCashCount.lblHalfDollars,TailwindPOS.frmCashCount,Field,13,1
TailwindPOS.frmCashCount.lblOnes,TailwindPOS.frmCashCount,Field,13,1
TailwindPOS.frmCashCount.lblFives,TailwindPOS.frmCashCount,Field,13,1
TailwindPOS.frmCashCount.lblTens,TailwindPOS.frmCashCount,Field,13,1
TailwindPOS.frmCashCount.lblTwenties,TailwindPOS.frmCashCount,Field,13,1
TailwindPOS.frmCashCount.lblFifties,TailwindPOS.frmCashCount,Field,13,1
TailwindPOS.frmCashCount.lblHundreds,TailwindPOS.frmCashCount,Field,13,1
TailwindPOS.frmCashCount.lblTotalTitle,TailwindPOS.frmCashCount,Field,13,1
TailwindPOS.frmCashCount.lblTotal,TailwindPOS.frmCashCount,Field,16,1
TailwindPOS.frmCashCount.commandButtonHelper1,TailwindPOS.frmCashCount,Field,3,1
TailwindPOS.frmCashCount.m_total,TailwindPOS.frmCashCount,Field,2,1
TailwindPOS.frmCashCount.m_LastTextBox,TailwindPOS.frmCashCount,Field,16,1
TailwindPOS.frmCashCount.Total,TailwindPOS.frmCashCount,Property,1,1
TailwindPOS.frmSales.TryToVoidItem.itemRow,TailwindPOS.frmSales.TryToVoidItem.itemRow,Type,2,1
TailwindPOS.frmCashCount.Form_Load,TailwindPOS.frmCashCount,Method,1,1
TailwindPOS.frmCashCount.Form_Closed,TailwindPOS.frmCashCount,Method,1,1
TailwindPOS.frmCashCount.frmCashCount_Activated,TailwindPOS.frmCashCount,Method,1,1
TailwindPOS.frmCashCount.ucNumbers_OnNumber,TailwindPOS.frmCashCount,Method,1,1
TailwindPOS.frmCashCount.ucNumbers_OnBack,TailwindPOS.frmCashCount,Method,1,1
TailwindPOS.frmCashCount.cbClear_Click,TailwindPOS.frmCashCount,Method,1,1
TailwindPOS.frmCashCount.cbOK_Click,TailwindPOS.frmCashCount,Method,1,1
TailwindPOS.frmCashCount.txtFifties_Leave,TailwindPOS.frmCashCount,Method,1,1
TailwindPOS.frmCashCount.txtFifties_Enter,TailwindPOS.frmCashCount,Method,1,1
TailwindPOS.frmCashCount..ctor,TailwindPOS.frmCashCount,Method,3,1
TailwindPOS.frmCashCount.InitializeComponent,TailwindPOS.frmCashCount,Method,2,1
TailwindPOS.frmCashCount.UpdateTotals,TailwindPOS.frmCashCount,Method,10,1
TailwindPOS.frmCashCount.txtHalfDollars_Enter,TailwindPOS.frmCashCount,Method,1,1
TailwindPOS.frmCashCount.txtHalfDollars_Leave,TailwindPOS.frmCashCount,Method,1,1
TailwindPOS.frmCashCount.txtPennies_Enter,TailwindPOS.frmCashCount,Method,1,1
TailwindPOS.frmCashCount.txtPennies_Leave,TailwindPOS.frmCashCount,Method,1,1
TailwindPOS.frmCashCount.ClearHighlight,TailwindPOS.frmCashCount,Method,2,1
TailwindPOS.frmCashCount.Highlight,TailwindPOS.frmCashCount,Method,24,1
TailwindPOS.frmCashCount.ExitTextBox,TailwindPOS.frmCashCount,Method,20,1
TailwindPOS.frmCashCount.txtNickels_Enter,TailwindPOS.frmCashCount,Method,1,1
TailwindPOS.frmCashCount.txtNickels_Leave,TailwindPOS.frmCashCount,Method,1,1
TailwindPOS.frmCashCount.txtDimes_Enter,TailwindPOS.frmCashCount,Method,1,1
TailwindPOS.frmCashCount.txtDimes_Leave,TailwindPOS.frmCashCount,Method,1,1
TailwindPOS.frmCashCount.txtQuarters_Enter,TailwindPOS.frmCashCount,Method,1,1
TailwindPOS.frmCashCount.txtQuarters_Leave,TailwindPOS.frmCashCount,Method,1,1
TailwindPOS.frmCashCount.txtOnes_Enter,TailwindPOS.frmCashCount,Method,1,1
TailwindPOS.frmCashCount.txtOnes_Leave,TailwindPOS.frmCashCount,Method,1,1
TailwindPOS.frmCashCount.txtFives_Enter,TailwindPOS.frmCashCount,Method,1,1
TailwindPOS.frmCashCount.txtFives_Leave,TailwindPOS.frmCashCount,Method,1,1
TailwindPOS.frmCashCount.txtTens_Enter,TailwindPOS.frmCashCount,Method,1,1
TailwindPOS.frmCashCount.txtTens_Leave,TailwindPOS.frmCashCount,Method,1,1
TailwindPOS.frmCashCount.txtHundreds_Enter,TailwindPOS.frmCashCount,Method,1,1
TailwindPOS.frmCashCount.txtHundreds_Leave,TailwindPOS.frmCashCount,Method,1,1
TailwindPOS.frmCashCount.txtTwenties_Enter,TailwindPOS.frmCashCount,Method,1,1
TailwindPOS.frmCashCount.txtTwenties_Leave,TailwindPOS.frmCashCount,Method,1,1
TailwindPOS.MainModule.OpenConnection.conn,TailwindPOS.MainModule.OpenConnection.conn,Type,3,1
TailwindPOS.frmCashCount,TailwindPOS.frmCashCount,Type,8,1
System.Resources.ResourceManager.GetObject,System.Resources.ResourceManager,Method,2,1
TailwindPOS.ucNumbersPad.set_Value.value,TailwindPOS.ucNumbersPad.set_Value.value,Type,1,1
TailwindPOS.MainModule.SavePayment.conn,TailwindPOS.MainModule.SavePayment.conn,Type,1,1
TailwindPOS.frmPause.cbReturn_Click.MINIMUM_CASH,TailwindPOS.frmPause.cbReturn_Click.MINIMUM_CASH,Type,2,1
TailwindPOS.MainModule.FindProductByCode.ProductDescription,TailwindPOS.MainModule.FindProductByCode.ProductDescription,Type,2,1
TailwindPOS.MainModule.Main.POSIterator,TailwindPOS.MainModule.Main.POSIterator,Type,1,1
UpgradeHelpers.FocusRectSettings,UpgradeHelpers.FocusRectSettings,Type,2,1
UpgradeHelpers.FocusRectSettings.FocusNone,UpgradeHelpers.FocusRectSettings,Field,2,0
TailwindPOS.frmSales.VoidItem.itemRow,TailwindPOS.frmSales.VoidItem.itemRow,Type,1,1
TailwindPOS.MainModule.StartShiftWithAmount.StartShift,TailwindPOS.MainModule.StartShiftWithAmount.StartShift,Type,3,1
TailwindPOS.frmCashCount.ExitTextBox.txt,TailwindPOS.frmCashCount.ExitTextBox.txt,Type,3,1
TailwindPOS.frmSales.ConfirmVoidItem.res,TailwindPOS.frmSales.ConfirmVoidItem.res,Type,2,1
System.Windows.Forms.DataGridView.AllowUserToAddRows,System.Windows.Forms.DataGridView,Property,6,1
System.Windows.Forms.DataGridView.AllowUserToDeleteRows,System.Windows.Forms.DataGridView,Property,6,1
System.Windows.Forms.DataGridView.ForeColor,System.Windows.Forms.DataGridView,Property,2,1
TailwindPOS.MainModule.SaveNewCustomer.TempParameter_8,TailwindPOS.MainModule.SaveNewCustomer.TempParameter_8,Type,7,1
System.Windows.Forms.DataGridView.BackgroundColor,System.Windows.Forms.DataGridView,Property,2,0
System.Windows.Forms.DataGridView.ShowCellToolTips,System.Windows.Forms.DataGridView,Property,3,0
System.Windows.Forms.DataGridView.StandardTab,System.Windows.Forms.DataGridView,Property,3,0
TailwindPOS.MainModule.SaveNewCustomer.TempParameter_4,TailwindPOS.MainModule.SaveNewCustomer.TempParameter_4,Type,7,1
TailwindPOS.MainModule.ExtractData.childID,TailwindPOS.MainModule.ExtractData.childID,Type,3,1
TailwindPOS.frmSales.Pause.Pause,TailwindPOS.frmSales.Pause.Pause,Type,1,1
TailwindPOS.MainModule.EndShiftWithAmount.EndCash,TailwindPOS.MainModule.EndShiftWithAmount.EndCash,Type,1,1
TailwindPOS.frmPause.Form_Load.tempRefParam,TailwindPOS.frmPause.Form_Load.tempRefParam,Type,1,1
System.Type.Missing,System.Type,Field,3,1
System.Type,System.Type,Type,3,1
TailwindPOS.ucNumbersPad+OnNumberHandler,TailwindPOS.ucNumbersPad+OnNumberHandler,Type,3,1
TailwindPOS.ucNumbersPad+OnNumberHandler.Invoke,TailwindPOS.ucNumbersPad+OnNumberHandler,Method,13,1
TailwindPOS.MainModule.CreateTicket.command,TailwindPOS.MainModule.CreateTicket.command,Type,13,1
TailwindPOS.frmCashCount.ExitTextBox.newValue,TailwindPOS.frmCashCount.ExitTextBox.newValue,Type,2,1
TailwindPOS.MainModule.ExtractData.nodeList,TailwindPOS.MainModule.ExtractData.nodeList,Type,3,1
TailwindPOS.MainModule.SaveSale.conn,TailwindPOS.MainModule.SaveSale.conn,Type,12,1
System.Data.DbType.DateTime,System.Data.DbType,Field,5,1
System.Data.DbType.String,System.Data.DbType,Field,18,1
System.Data.DbType.Currency,System.Data.DbType,Field,3,1
System.Data.DbType.Int32,System.Data.DbType,Field,4,1
System.Data.DbType.Decimal,System.Data.DbType,Field,22,1
System.Data.DbType,System.Data.DbType,Type,52,1
TailwindPOS.MainModule.ReadConfig.tempRefParam7,TailwindPOS.MainModule.ReadConfig.tempRefParam7,Type,1,1
TailwindPOS.MainModule.ReadConfig.tempRefParam6,TailwindPOS.MainModule.ReadConfig.tempRefParam6,Type,1,1
TailwindPOS.MainModule.ReadConfig.tempRefParam8,TailwindPOS.MainModule.ReadConfig.tempRefParam8,Type,1,1
TailwindPOS.MainModule.ReadConfig.tempRefParam3,TailwindPOS.MainModule.ReadConfig.tempRefParam3,Type,1,1
TailwindPOS.MainModule.ReadConfig.tempRefParam2,TailwindPOS.MainModule.ReadConfig.tempRefParam2,Type,1,1
TailwindPOS.MainModule.ReadConfig.tempRefParam5,TailwindPOS.MainModule.ReadConfig.tempRefParam5,Type,1,1
TailwindPOS.MainModule.ReadConfig.tempRefParam4,TailwindPOS.MainModule.ReadConfig.tempRefParam4,Type,1,1
Tailwind_WinFormsSupport.PInvoke.SafeNative.kernel32.GetPrivateProfileString.lpReturnedString,Tailwind_WinFormsSupport.PInvoke.SafeNative.kernel32.GetPrivateProfileString.lpReturnedString,Type,1,1
TailwindPOS.MainModule.FindProductByCode.result,TailwindPOS.MainModule.FindProductByCode.result,Type,5,1
TailwindPOS.frmSearchCust.SearchCustomer.rs,TailwindPOS.frmSearchCust.SearchCustomer.rs,Type,13,1
TailwindPOS.MainModule.ValidateUserPasswordAdmin.objcommand,TailwindPOS.MainModule.ValidateUserPasswordAdmin.objcommand,Type,10,1
TailwindPOS.MainModule.PaymentStringToID.paymentType,TailwindPOS.MainModule.PaymentStringToID.paymentType,Type,4,1
TailwindPOS.frmPause.frmPause_Activated.eventSender,TailwindPOS.frmPause.frmPause_Activated.eventSender,Type,2,1
TailwindPOS.MainModule.CreateTicket.rs,TailwindPOS.MainModule.CreateTicket.rs,Type,1,1
TailwindPOS.MainModule.SaveNewCustomer.objcommand,TailwindPOS.MainModule.SaveNewCustomer.objcommand,Type,27,1
TailwindPOS.MainModule.GetPOSSystems.coll,TailwindPOS.MainModule.GetPOSSystems.coll,Type,2,1
TailwindPOS.MainModule.set_CurrentShift.value,TailwindPOS.MainModule.set_CurrentShift.value,Type,1,1
TailwindPOS.frmSales.ConfirmVoidItem.itemName,TailwindPOS.frmSales.ConfirmVoidItem.itemName,Type,2,1
TailwindPOS.MainModule.SaveNewCustomer.result,TailwindPOS.MainModule.SaveNewCustomer.result,Type,2,1
System.Windows.Forms.HorizontalAlignment,System.Windows.Forms.HorizontalAlignment,Type,13,1
Tailwind_WinFormsSupport.PInvoke.SafeNative.kernel32.GetPrivateProfileString.lpFileName,Tailwind_WinFormsSupport.PInvoke.SafeNative.kernel32.GetPrivateProfileString.lpFileName,Type,1,1
System.Windows.Forms.HorizontalAlignment.Right,System.Windows.Forms.HorizontalAlignment,Field,4,1
System.Windows.Forms.HorizontalAlignment.Center,System.Windows.Forms.HorizontalAlignment,Field,22,1
TailwindPOS.MainModule.SaveNewCustomer.TempParameter_11,TailwindPOS.MainModule.SaveNewCustomer.TempParameter_11,Type,7,1
TailwindPOS.MainModule.SaveNewCustomer.TempParameter_10,TailwindPOS.MainModule.SaveNewCustomer.TempParameter_10,Type,7,1
TailwindPOS.MainModule.StartShiftWithAmount.UserID,TailwindPOS.MainModule.StartShiftWithAmount.UserID,Type,1,1
TailwindPOS.MainModule.CompleteTicket.conn,TailwindPOS.MainModule.CompleteTicket.conn,Type,1,1
TailwindPOS.frmSales.cbAddCustomer_Click.custAdd,TailwindPOS.frmSales.cbAddCustomer_Click.custAdd,Type,3,1
System.Data.Common.DbProviderFactory.CreateConnection,System.Data.Common.DbProviderFactory,Method,4,1
System.Data.Common.DbProviderFactory.CreateCommand,System.Data.Common.DbProviderFactory,Method,28,1
TailwindPOS.MainModule.EndShiftWithAmount.UserID,TailwindPOS.MainModule.EndShiftWithAmount.UserID,Type,1,1
TailwindPOS.MainModule.ValidateUserPasswordAdmin.rs,TailwindPOS.MainModule.ValidateUserPasswordAdmin.rs,Type,1,1
TailwindPOS.ucLettersPad.set_Value.value,TailwindPOS.ucLettersPad.set_Value.value,Type,1,1
System.Math.Max,System.Math,Method,2,1
System.Math.Min,System.Math,Method,8,1
System.Math,System.Math,Type,5,1
TailwindPOS.MainModule.StartShiftWithAmount.POSID,TailwindPOS.MainModule.StartShiftWithAmount.POSID,Type,1,1
MSXML2,MSXML2,Type,1,1
TailwindPOS.frmPayment.cbCreditCard_Click.amount,TailwindPOS.frmPayment.cbCreditCard_Click.amount,Type,2,1
TailwindPOS.frmSales.UpdateTotals.qty,TailwindPOS.frmSales.UpdateTotals.qty,Type,2,1
TailwindPOS.MainModule.ExtractData.node,TailwindPOS.MainModule.ExtractData.node,Type,4,1
TailwindPOS.frmPayment.SumPayments.tempForEndVar,TailwindPOS.frmPayment.SumPayments.tempForEndVar,Type,1,1
TailwindPOS.MainModule.ValidateUserPassword.rs,TailwindPOS.MainModule.ValidateUserPassword.rs,Type,1,1
System.Windows.Forms.Cursors.IBeam,System.Windows.Forms.Cursors,Property,50,1
TailwindPOS.MainModule.SaveNewCustomer.Company,TailwindPOS.MainModule.SaveNewCustomer.Company,Type,1,1
System.Windows.Forms.Cursors,System.Windows.Forms.Cursors,Type,25,1
System.Windows.Forms.KeyPressEventHandler,System.Windows.Forms.KeyPressEventHandler,Type,2,1
TailwindPOS.MainModule.SaveSale.currentItem,TailwindPOS.MainModule.SaveSale.currentItem,Type,2,1
UpgradeHelpers.DB.RecordSetHelper.RecordCount,UpgradeHelpers.DB.RecordSetHelper,Property,5,1
UpgradeHelpers.DB.RecordSetHelper.EOF,UpgradeHelpers.DB.RecordSetHelper,Property,2,1
UpgradeHelpers.DB.RecordSetHelper.this[],UpgradeHelpers.DB.RecordSetHelper,Property,22,1
System.String.Length,System.String,Property,5,1
System.String,System.String,Type,3,1
System.String.Substring,System.String,Method,10,1
System.String..ctor,System.String,Method,3,1
System.String.Split,System.String,Method,2,1
System.String.ToUpper,System.String,Method,2,1
System.String.ToLower,System.String,Method,2,1
System.String.Trim,System.String,Method,4,1
TailwindPOS.frmCashCount.ucNumbers_OnNumber.Number,TailwindPOS.frmCashCount.ucNumbers_OnNumber.Number,Type,2,1
TailwindPOS.frmSales.GetItems.item,TailwindPOS.frmSales.GetItems.item,Type,7,1
TailwindPOS.frmPayment.AddPayment.lastRow,TailwindPOS.frmPayment.AddPayment.lastRow,Type,3,1
System.Data.CommandType,System.Data.CommandType,Type,2,1
TailwindPOS.frmSales.cbCustomerSearch_Click.custSearch,TailwindPOS.frmSales.cbCustomerSearch_Click.custSearch,Type,3,1
System.Data.CommandType.Text,System.Data.CommandType,Field,2,1
System.Convert,System.Convert,Type,53,1
System.Convert.ToChar,System.Convert,Method,2,1
System.Convert.ToDouble,System.Convert,Method,2,1
System.Convert.ToInt32,System.Convert,Method,42,1
System.Convert.ToString,System.Convert,Method,50,1
System.Convert.IsDBNull,System.Convert,Method,10,1
TailwindPOS.frmSearchCust.set_DefInstance.value,TailwindPOS.frmSearchCust.set_DefInstance.value,Type,1,1
System.Windows.Forms.ContainerControl.AutoScaleDimensions,System.Windows.Forms.ContainerControl,Property,7,0
System.Windows.Forms.ContainerControl.AutoScaleMode,System.Windows.Forms.ContainerControl,Property,7,0
TailwindPOS.MainModule.SaveSale.currentPayment,TailwindPOS.MainModule.SaveSale.currentPayment,Type,2,1
TailwindPOS.MainModule.SaveNewCustomer.conn,TailwindPOS.MainModule.SaveNewCustomer.conn,Type,4,1
TailwindPOS.frmPayment.GetPayments.index,TailwindPOS.frmPayment.GetPayments.index,Type,5,1
TailwindPOS.MainModule.RegisterBreakStart.conn,TailwindPOS.MainModule.RegisterBreakStart.conn,Type,4,1
TailwindPOS.MainModule.SaveSale.item,TailwindPOS.MainModule.SaveSale.item,Type,3,1
TailwindPOS.MainModule.RegisterBreakEnd.BreakId,TailwindPOS.MainModule.RegisterBreakEnd.BreakId,Type,1,1
System.Data.Common.DbParameterCollection.Add,System.Data.Common.DbParameterCollection,Method,104,1
TailwindPOS.Config.ReadConfigSetting.sINIFileName,TailwindPOS.Config.ReadConfigSetting.sINIFileName,Type,1,1
System.Collections.Specialized.OrderedDictionary,System.Collections.Specialized.OrderedDictionary,Type,17,1
System.Collections.Specialized.OrderedDictionary..ctor,System.Collections.Specialized.OrderedDictionary,Method,4,1
System.Collections.Specialized.OrderedDictionary.Add,System.Collections.Specialized.OrderedDictionary,Method,6,1
System.Collections.Specialized.OrderedDictionary.Count,System.Collections.Specialized.OrderedDictionary,Property,2,1
System.Collections.Specialized.OrderedDictionary.Values,System.Collections.Specialized.OrderedDictionary,Property,6,1
System.Drawing.FontStyle.Bold,System.Drawing.FontStyle,Field,4,1
TailwindPOS.MainModule.RegisterBreakEnd.FirstName,TailwindPOS.MainModule.RegisterBreakEnd.FirstName,Type,1,1
System.Drawing.FontStyle.Regular,System.Drawing.FontStyle,Field,334,1
System.Drawing.FontStyle,System.Drawing.FontStyle,Type,169,1
TailwindPOS.frmSales.DefInstance,TailwindPOS.frmSales,Property,1,1
TailwindPOS.frmSales.SearchAndAddProduct,TailwindPOS.frmSales,Method,2,1
TailwindPOS.frmSales.VoidItem,TailwindPOS.frmSales,Method,2,1
TailwindPOS.frmSales.ConfirmVoidItem,TailwindPOS.frmSales,Method,2,1
TailwindPOS.frmSales.AddLine,TailwindPOS.frmSales,Method,2,1
TailwindPOS.frmSales.VoidSale,TailwindPOS.frmSales,Method,2,1
TailwindPOS.frmSales.ConfirmVoidSale,TailwindPOS.frmSales,Method,2,1
TailwindPOS.frmSales.TryToVoidItem,TailwindPOS.frmSales,Method,2,1
TailwindPOS.frmSales.ToggleQuantity,TailwindPOS.frmSales,Method,2,1
TailwindPOS.frmSales.Reset,TailwindPOS.frmSales,Method,6,1
TailwindPOS.frmSales.GetItems,TailwindPOS.frmSales,Method,4,1
TailwindPOS.frmSales.Pause,TailwindPOS.frmSales,Method,4,1
TailwindPOS.frmSales.LoadCustomerInfo,TailwindPOS.frmSales,Method,4,1
TailwindPOS.frmSales.UpdateTotals,TailwindPOS.frmSales,Method,10,1
TailwindPOS.frmSales.Form_Load,TailwindPOS.frmSales,Method,1,1
TailwindPOS.frmSales.Form_Closed,TailwindPOS.frmSales,Method,1,1
TailwindPOS.frmSales.frmSales_Activated,TailwindPOS.frmSales,Method,1,1
TailwindPOS.frmSales.InitializeComponent,TailwindPOS.frmSales,Method,2,1
TailwindPOS.frmSales.cbPayment_Click,TailwindPOS.frmSales,Method,1,1
TailwindPOS.frmSales.cbCustomerSearch_Click,TailwindPOS.frmSales,Method,1,1
TailwindPOS.frmSales.cbAddCustomer_Click,TailwindPOS.frmSales,Method,1,1
TailwindPOS.frmSales.cbVoidItem_Click,TailwindPOS.frmSales,Method,1,1
TailwindPOS.frmSales.cbVoidTransaction_Click,TailwindPOS.frmSales,Method,1,1
TailwindPOS.frmSales.cbLogOff_Click,TailwindPOS.frmSales,Method,1,1
TailwindPOS.frmSales.cbBreak_Click,TailwindPOS.frmSales,Method,1,1
TailwindPOS.frmSales.cbQuantity_Click,TailwindPOS.frmSales,Method,1,1
TailwindPOS.frmSales.ucNumericKeyPad_OnEnterEvent,TailwindPOS.frmSales,Method,1,1
TailwindPOS.frmSales.cbRePrint_Click,TailwindPOS.frmSales,Method,1,1
TailwindPOS.frmSales..ctor,TailwindPOS.frmSales,Method,1,1
TailwindPOS.frmSales,TailwindPOS.frmSales,Type,5,1
TailwindPOS.frmSales.m_Toggle_Quantity,TailwindPOS.frmSales,Field,5,1
TailwindPOS.frmSales.m_Taxes,TailwindPOS.frmSales,Field,3,1
TailwindPOS.frmSales.m_SubTotal,TailwindPOS.frmSales,Field,3,1
TailwindPOS.frmSales.m_total,TailwindPOS.frmSales,Field,4,1
TailwindPOS.frmSales.m_CurrentCustomer,TailwindPOS.frmSales,Field,7,1
TailwindPOS.frmSales.m_lastReceipt,TailwindPOS.frmSales,Field,1,1
TailwindPOS.frmSales.commandButtonHelper1,TailwindPOS.frmSales,Field,10,1
TailwindPOS.frmSales.lblCashierTitle,TailwindPOS.frmSales,Field,13,1
TailwindPOS.frmSales.lblCashier,TailwindPOS.frmSales,Field,14,1
TailwindPOS.frmSales.lblPOSTitle,TailwindPOS.frmSales,Field,13,1
TailwindPOS.frmSales.lblPOS,TailwindPOS.frmSales,Field,14,1
TailwindPOS.frmSales.picLogo,TailwindPOS.frmSales,Field,17,1
TailwindPOS.frmSales.lblSubTotalTitle,TailwindPOS.frmSales,Field,13,1
TailwindPOS.frmSales.lblTaxTitle,TailwindPOS.frmSales,Field,13,1
TailwindPOS.frmSales.lblTotalTitle,TailwindPOS.frmSales,Field,13,1
TailwindPOS.frmSales.lblSubTotal,TailwindPOS.frmSales,Field,15,1
TailwindPOS.frmSales.lblTax,TailwindPOS.frmSales,Field,15,1
TailwindPOS.frmSales.lblTotal,TailwindPOS.frmSales,Field,15,1
TailwindPOS.frmSales.frSubTotals,TailwindPOS.frmSales,Field,22,1
TailwindPOS.frmSales.cbPayment,TailwindPOS.frmSales,Field,16,1
TailwindPOS.frmSales.cbCustomerSearch,TailwindPOS.frmSales,Field,16,1
TailwindPOS.frmSales.m_vb6FormDefInstance,TailwindPOS.frmSales,Field,8,1
TailwindPOS.frmSales.m_InitializingDefInstance,TailwindPOS.frmSales,Field,3,1
TailwindPOS.frmSales.components,TailwindPOS.frmSales,Field,4,1
TailwindPOS.frmSales.ToolTipMain,TailwindPOS.frmSales,Field,1,1
TailwindPOS.frmSales.cbRePrint,TailwindPOS.frmSales,Field,16,1
TailwindPOS.frmSales.ucNumericKeyPad,TailwindPOS.frmSales,Field,16,1
TailwindPOS.frmSales.cbQuantity,TailwindPOS.frmSales,Field,19,1
TailwindPOS.frmSales.fgItems,TailwindPOS.frmSales,Field,58,1
TailwindPOS.frmSales.gbCustomerInfo,TailwindPOS.frmSales,Field,18,1
TailwindPOS.frmSales.lblCustomerInfo,TailwindPOS.frmSales,Field,14,1
TailwindPOS.frmSales.cbBreak,TailwindPOS.frmSales,Field,16,1
TailwindPOS.frmSales.cbLogOff,TailwindPOS.frmSales,Field,16,1
TailwindPOS.frmSales.cbVoidTransaction,TailwindPOS.frmSales,Field,16,1
TailwindPOS.frmSales.cbVoidItem,TailwindPOS.frmSales,Field,16,1
TailwindPOS.frmSales.cbAddCustomer,TailwindPOS.frmSales,Field,16,1
TailwindPOS.MainModule.FindCustomers.customerInfo,TailwindPOS.MainModule.FindCustomers.customerInfo,Type,1,1
TailwindPOS.MainModule.GetCustomerInfo.TempParameter,TailwindPOS.MainModule.GetCustomerInfo.TempParameter,Type,7,1
TailwindPOS.MainModule.EndShiftWithAmount.command,TailwindPOS.MainModule.EndShiftWithAmount.command,Type,15,1
TailwindPOS.frmPause.cbReturn_Click.ShiftID,TailwindPOS.frmPause.cbReturn_Click.ShiftID,Type,3,1
TailwindPOS.MainModule.SaveItem.command,TailwindPOS.MainModule.SaveItem.command,Type,17,1
System.Drawing,System.Drawing,Type,668,1
System.STAThreadAttribute..ctor,System.STAThreadAttribute,Method,1,1
System.Int32.ToString,System.Int32,Method,12,1
TailwindPOS.ucLettersPad.GetLetter.X,TailwindPOS.ucLettersPad.GetLetter.X,Type,2,1
System.Data.Common.DbConnection.ConnectionString,System.Data.Common.DbConnection,Property,3,1
System.Data.Common.DbConnection,System.Data.Common.DbConnection,Type,18,1
System.Data.Common.DbConnection.BeginTransaction,System.Data.Common.DbConnection,Method,2,1
System.Data.Common.DbConnection.Open,System.Data.Common.DbConnection,Method,2,1
System.Data.Common.DbConnection.Close,System.Data.Common.DbConnection,Method,22,1
TailwindPOS.MainModule.EndShiftWithAmount.POSID,TailwindPOS.MainModule.EndShiftWithAmount.POSID,Type,1,1
TailwindPOS.MainModule.RegisterBreakStart.objcommand,TailwindPOS.MainModule.RegisterBreakStart.objcommand,Type,11,1
System.Windows.Forms.TextBoxBase.BackColor,System.Windows.Forms.TextBoxBase,Property,80,1
System.Windows.Forms.TextBoxBase.BorderStyle,System.Windows.Forms.TextBoxBase,Property,50,1
System.Windows.Forms.TextBoxBase.ForeColor,System.Windows.Forms.TextBoxBase,Property,50,1
System.Windows.Forms.TextBoxBase.MaxLength,System.Windows.Forms.TextBoxBase,Property,50,1
System.Globalization.NumberStyles,System.Globalization.NumberStyles,Type,32,1
System.Globalization.NumberStyles.Currency,System.Globalization.NumberStyles,Field,16,1
System.Globalization.NumberStyles.AllowExponent,System.Globalization.NumberStyles,Field,16,1
TailwindPOS.MainModule.SaveSale.POSID,TailwindPOS.MainModule.SaveSale.POSID,Type,3,1
Tailwind_WinFormsSupport.PInvoke.SafeNative.kernel32.GetPrivateProfileString,Tailwind_WinFormsSupport.PInvoke.SafeNative.kernel32,Method,2,1
Tailwind_WinFormsSupport.PInvoke.SafeNative.kernel32,Tailwind_WinFormsSupport.PInvoke.SafeNative.kernel32,Type,1,1
UpgradeHelpers.DB,UpgradeHelpers.DB,Type,56,1
UpgradeHelpers.Gui.Controls.CommandButtonHelper.SetStyle,UpgradeHelpers.Gui.Controls.CommandButtonHelper,Method,164,1
UpgradeHelpers.Gui.Controls.CommandButtonHelper..ctor,UpgradeHelpers.Gui.Controls.CommandButtonHelper,Method,9,0
UpgradeHelpers.Gui.Controls.CommandButtonHelper,UpgradeHelpers.Gui.Controls.CommandButtonHelper,Type,18,0
TailwindPOS.MainModule.SaveSale.result,TailwindPOS.MainModule.SaveSale.result,Type,2,1
TailwindPOS.MainModule.FindCustomers.query,TailwindPOS.MainModule.FindCustomers.query,Type,1,1
TailwindPOS.frmSales.InitializeComponent.resources,TailwindPOS.frmSales.InitializeComponent.resources,Type,1,1
System.EventArgs,System.EventArgs,Type,128,1
TailwindPOS.MainModule.CompleteTicket.UserID,TailwindPOS.MainModule.CompleteTicket.UserID,Type,1,1
TailwindPOS.MainModule.SaveSale.items,TailwindPOS.MainModule.SaveSale.items,Type,2,1
TailwindPOS.MainModule.CreateTicket.POSID,TailwindPOS.MainModule.CreateTicket.POSID,Type,1,1
TailwindPOS.MainModule.GetPOSSystems.command,TailwindPOS.MainModule.GetPOSSystems.command,Type,6,1
System.Reflection.AssemblyProductAttribute..ctor,System.Reflection.AssemblyProductAttribute,Method,1,1
TailwindPOS.Config.ReadConfigSetting.sKeyName,TailwindPOS.Config.ReadConfigSetting.sKeyName,Type,1,1
TailwindPOS.ucNumbersPad.txtAmount_KeyPress.KeyAscii,TailwindPOS.ucNumbersPad.txtAmount_KeyPress.KeyAscii,Type,3,1
TailwindPOS.MainModule.GetPOSSystems.POS,TailwindPOS.MainModule.GetPOSSystems.POS,Type,7,1
System.NonSerializedAttribute..ctor,System.NonSerializedAttribute,Method,4,1
Tailwind_WinFormsSupport.PInvoke,Tailwind_WinFormsSupport.PInvoke,Type,2,1
TailwindPOS.frmPayment.SumPayments.result,TailwindPOS.frmPayment.SumPayments.result,Type,2,1
TailwindPOS.MainModule.CompleteTicket.TempParameter,TailwindPOS.MainModule.CompleteTicket.TempParameter,Type,7,1
TailwindPOS.frmSales.cbPayment_Click.items,TailwindPOS.frmSales.cbPayment_Click.items,Type,2,1
MSXML2.IXMLDOMNode,MSXML2.IXMLDOMNode,Type,6,1
System.Drawing.SizeF,System.Drawing.SizeF,Type,7,1
MSXML2.IXMLDOMNode.childNodes,MSXML2.IXMLDOMNode,Property,1,1
MSXML2.IXMLDOMNode.firstChild,MSXML2.IXMLDOMNode,Property,2,1
MSXML2.IXMLDOMNode.text,MSXML2.IXMLDOMNode,Property,2,1
MSXML2.IXMLDOMNode.nodeName,MSXML2.IXMLDOMNode,Property,1,1
System.Drawing.SizeF..ctor,System.Drawing.SizeF,Method,7,1
TailwindPOS.MainModule.StartShiftWithAmount.StartCash,TailwindPOS.MainModule.StartShiftWithAmount.StartCash,Type,1,1
TailwindPOS.frmPause.cbReturn_Click.tempRefParam,TailwindPOS.frmPause.cbReturn_Click.tempRefParam,Type,1,1
TailwindPOS.MainModule.ExtractData.childIterator,TailwindPOS.MainModule.ExtractData.childIterator,Type,1,1
TailwindPOS.frmGiftCardCode.ToolTipMain,TailwindPOS.frmGiftCardCode,Field,1,1
TailwindPOS.frmGiftCardCode.txtCode,TailwindPOS.frmGiftCardCode,Field,17,1
TailwindPOS.frmGiftCardCode.m_vb6FormDefInstance,TailwindPOS.frmGiftCardCode,Field,8,1
TailwindPOS.frmGiftCardCode.m_InitializingDefInstance,TailwindPOS.frmGiftCardCode,Field,3,1
TailwindPOS.frmGiftCardCode.components,TailwindPOS.frmGiftCardCode,Field,3,1
TailwindPOS.frmGiftCardCode.cbCancel,TailwindPOS.frmGiftCardCode,Field,16,1
TailwindPOS.frmGiftCardCode.cbOK,TailwindPOS.frmGiftCardCode,Field,16,1
TailwindPOS.frmGiftCardCode.lblMessage,TailwindPOS.frmGiftCardCode,Field,13,1
TailwindPOS.frmGiftCardCode.commandButtonHelper1,TailwindPOS.frmGiftCardCode,Field,3,1
TailwindPOS.MainModule.ExtractData.childList,TailwindPOS.MainModule.ExtractData.childList,Type,3,1
Tailwind_WinFormsSupport.PInvoke.SafeNative.kernel32.GetPrivateProfileString.tmpPtr,Tailwind_WinFormsSupport.PInvoke.SafeNative.kernel32.GetPrivateProfileString.tmpPtr,Type,3,1
TailwindPOS.frmGiftCardCode,TailwindPOS.frmGiftCardCode,Type,6,1
TailwindPOS.frmGiftCardCode.InitializeComponent,TailwindPOS.frmGiftCardCode,Method,2,1
TailwindPOS.frmGiftCardCode..ctor,TailwindPOS.frmGiftCardCode,Method,2,1
TailwindPOS.frmGiftCardCode.cbCancel_Click,TailwindPOS.frmGiftCardCode,Method,1,1
TailwindPOS.frmGiftCardCode.cbOK_Click,TailwindPOS.frmGiftCardCode,Method,1,1
TailwindPOS.frmGiftCardCode.frmGiftCardCode_Activated,TailwindPOS.frmGiftCardCode,Method,1,1
TailwindPOS.frmGiftCardCode.Form_Closed,TailwindPOS.frmGiftCardCode,Method,1,1
TailwindPOS.frmGiftCardCode.Code,TailwindPOS.frmGiftCardCode,Property,2,1
TailwindPOS.frmPause.Form_Closed.tempRefParam,TailwindPOS.frmPause.Form_Closed.tempRefParam,Type,1,1
TailwindPOS.MainModule.ValidateUserPasswordAdmin.result,TailwindPOS.MainModule.ValidateUserPasswordAdmin.result,Type,2,1
TailwindPOS.MainModule.EndShiftWithAmount.StartShift,TailwindPOS.MainModule.EndShiftWithAmount.StartShift,Type,1,1
TailwindPOS.MainModule.FindProductByCode.ProductPrice,TailwindPOS.MainModule.FindProductByCode.ProductPrice,Type,1,1
TailwindPOS.MainModule.SaveSale.taxes,TailwindPOS.MainModule.SaveSale.taxes,Type,1,1
System.Windows.Forms.GroupBox..ctor,System.Windows.Forms.GroupBox,Method,3,1
System.Windows.Forms.GroupBox,System.Windows.Forms.GroupBox,Type,6,1
System.Windows.Forms.GroupBox.AllowDrop,System.Windows.Forms.GroupBox,Property,6,1
System.Windows.Forms.GroupBox.Text,System.Windows.Forms.GroupBox,Property,4,1
TailwindPOS.MainModule.RegisterBreakStart.POSID,TailwindPOS.MainModule.RegisterBreakStart.POSID,Type,1,1
System.Runtime.InteropServices.ClassInterfaceType,System.Runtime.InteropServices.ClassInterfaceType,Type,1,1
System.Runtime.InteropServices.ClassInterfaceType.AutoDual,System.Runtime.InteropServices.ClassInterfaceType,Field,1,1
TailwindPOS.frmSales.cbLogOff_Click.cash,TailwindPOS.frmSales.cbLogOff_Click.cash,Type,2,1
TailwindPOS.ucNumbersPad+OnBackHandler,TailwindPOS.ucNumbersPad+OnBackHandler,Type,3,1
TailwindPOS.ucNumbersPad+OnBackHandler.Invoke,TailwindPOS.ucNumbersPad+OnBackHandler,Method,1,1
TailwindPOS.MainModule.RunCreditCardPayment.strOut,TailwindPOS.MainModule.RunCreditCardPayment.strOut,Type,1,1
TailwindPOS.frmSearchCust,TailwindPOS.frmSearchCust,Type,6,1
TailwindPOS.frmSearchCust.SearchCustomer,TailwindPOS.frmSearchCust,Method,2,1
TailwindPOS.frmSearchCust..ctor,TailwindPOS.frmSearchCust,Method,2,1
TailwindPOS.frmSearchCust.ucLettersPad_OnEnterEvent,TailwindPOS.frmSearchCust,Method,1,1
TailwindPOS.frmSearchCust.cbClose_Click,TailwindPOS.frmSearchCust,Method,1,1
TailwindPOS.frmSearchCust.fgCustomers_DoubleClick,TailwindPOS.frmSearchCust,Method,1,1
TailwindPOS.frmSearchCust.InitializeComponent,TailwindPOS.frmSearchCust,Method,2,1
TailwindPOS.frmSearchCust.frmSearchCust_Activated,TailwindPOS.frmSearchCust,Method,1,1
TailwindPOS.frmSearchCust.Form_Closed,TailwindPOS.frmSearchCust,Method,1,1
TailwindPOS.frmSearchCust.Form_Load,TailwindPOS.frmSearchCust,Method,1,1
TailwindPOS.frmSearchCust.AddHeadersToGrid,TailwindPOS.frmSearchCust,Method,2,1
TailwindPOS.MainModule.ExtractData.id,TailwindPOS.MainModule.ExtractData.id,Type,2,1
TailwindPOS.frmSales.ConfirmVoidSale.result,TailwindPOS.frmSales.ConfirmVoidSale.result,Type,1,1
TailwindPOS.MainModule.EndShiftWithAmount.conn,TailwindPOS.MainModule.EndShiftWithAmount.conn,Type,3,1
TailwindPOS.frmSearchCust.ChosenCustomer,TailwindPOS.frmSearchCust,Property,2,1
TailwindPOS.frmCashCount.ucNumbers_OnNumber.e,TailwindPOS.frmCashCount.ucNumbers_OnNumber.e,Type,1,1
TailwindPOS.frmSearchCust.m_vb6FormDefInstance,TailwindPOS.frmSearchCust,Field,8,1
TailwindPOS.frmSearchCust.m_InitializingDefInstance,TailwindPOS.frmSearchCust,Field,3,1
TailwindPOS.frmSearchCust.components,TailwindPOS.frmSearchCust,Field,4,1
TailwindPOS.frmSearchCust.ToolTipMain,TailwindPOS.frmSearchCust,Field,1,1
TailwindPOS.frmSearchCust.ucLettersPad,TailwindPOS.frmSearchCust,Field,11,1
TailwindPOS.frmSearchCust.cbClose,TailwindPOS.frmSearchCust,Field,16,1
TailwindPOS.frmSearchCust.fgCustomers,TailwindPOS.frmSearchCust,Field,40,1
TailwindPOS.frmSearchCust.commandButtonHelper1,TailwindPOS.frmSearchCust,Field,2,1
TailwindPOS.frmSearchCust.m_ChosenCustomer,TailwindPOS.frmSearchCust,Field,3,1
MSXML2.DOMDocument60,MSXML2.DOMDocument60,Type,3,1
TailwindPOS.MainModule.SaveSale.payments,TailwindPOS.MainModule.SaveSale.payments,Type,2,1
TailwindPOS.MainModule.CompleteTicket.taxes,TailwindPOS.MainModule.CompleteTicket.taxes,Type,1,1
TailwindPOS.frmPayment.AddPayment.PaymentInfo,TailwindPOS.frmPayment.AddPayment.PaymentInfo,Type,1,1
System.Windows.Forms.MessageBox.Show,System.Windows.Forms.MessageBox,Method,36,1
System.Windows.Forms.MessageBox,System.Windows.Forms.MessageBox,Type,12,1
TailwindPOS.MainModule.RegisterBreakStart.rs,TailwindPOS.MainModule.RegisterBreakStart.rs,Type,1,1
TailwindPOS.ucLettersPad+OnEnterEventHandler,TailwindPOS.ucLettersPad+OnEnterEventHandler,Type,3,1
TailwindPOS.ucLettersPad+OnEnterEventHandler.Invoke,TailwindPOS.ucLettersPad+OnEnterEventHandler,Method,1,1
UpgradeHelpers.Gui.Utils,UpgradeHelpers.Gui.Utils,Type,14,1
System.Drawing.Color,System.Drawing.Color,Type,218,1
System.Drawing.Color.FromArgb,System.Drawing.Color,Method,112,1
System.Drawing.Color.White,System.Drawing.Color,Property,158,1
System.Drawing.Color.Yellow,System.Drawing.Color,Property,4,1
TailwindPOS.frmSales.ucNumericKeyPad_OnEnterEvent.Text_Renamed,TailwindPOS.frmSales.ucNumericKeyPad_OnEnterEvent.Text_Renamed,Type,2,1
System.Drawing.Size,System.Drawing.Size,Type,171,1
System.Drawing.Size..ctor,System.Drawing.Size,Method,171,1
System.Windows.Forms.DockStyle.None,System.Windows.Forms.DockStyle,Field,2,1
System.ComponentModel.ISupportInitialize.BeginInit,System.ComponentModel.ISupportInitialize,Method,6,1
System.ComponentModel.ISupportInitialize.EndInit,System.ComponentModel.ISupportInitialize,Method,6,1
System.ComponentModel.ISupportInitialize,System.ComponentModel.ISupportInitialize,Type,6,1
System.Windows.Forms.DockStyle,System.Windows.Forms.DockStyle,Type,1,1
System.Diagnostics.DebuggerStepThroughAttribute..ctor,System.Diagnostics.DebuggerStepThroughAttribute,Method,9,1
TailwindPOS.frmSales.cbPayment_Click.pay,TailwindPOS.frmSales.cbPayment_Click.pay,Type,5,1
TailwindPOS.MainModule.ValidateUserPassword.objcommand,TailwindPOS.MainModule.ValidateUserPassword.objcommand,Type,10,1
TailwindPOS.frmSales.SearchAndAddProduct.productCode,TailwindPOS.frmSales.SearchAndAddProduct.productCode,Type,3,1
TailwindPOS.MainModule.SaveNewCustomer.City,TailwindPOS.MainModule.SaveNewCustomer.City,Type,1,1
TailwindPOS.frmGiftCardCode.set_DefInstance.value,TailwindPOS.frmGiftCardCode.set_DefInstance.value,Type,1,1
TailwindPOS.MainModule.CompleteTicket.POSID,TailwindPOS.MainModule.CompleteTicket.POSID,Type,1,1
Tailwind_WinFormsSupport.PInvoke.SafeNative.kernel32.GetPrivateProfileString.lpKeyName,Tailwind_WinFormsSupport.PInvoke.SafeNative.kernel32.GetPrivateProfileString.lpKeyName,Type,2,1
MSXML2.IXMLDOMNodeList,MSXML2.IXMLDOMNodeList,Type,2,1
System.Windows,System.Windows,Type,379,1
System.ComponentModel.Container,System.ComponentModel.Container,Type,9,1
System.ComponentModel.Container..ctor,System.ComponentModel.Container,Method,9,1
TailwindPOS.ucNumbersPad+OnNumberEventArgs..ctor,TailwindPOS.ucNumbersPad+OnNumberEventArgs,Method,13,1
TailwindPOS.ucNumbersPad+OnNumberEventArgs,TailwindPOS.ucNumbersPad+OnNumberEventArgs,Type,15,1
TailwindPOS.ucNumbersPad+OnNumberEventArgs.Number,TailwindPOS.ucNumbersPad+OnNumberEventArgs,Field,2,1
TailwindPOS.frmSales.LoadCustomerInfo.customerInfo,TailwindPOS.frmSales.LoadCustomerInfo.customerInfo,Type,1,1
TailwindPOS.MainModule.StartShiftWithAmount.result,TailwindPOS.MainModule.StartShiftWithAmount.result,Type,2,1
System.Runtime.InteropServices.MarshalAsAttribute..ctor,System.Runtime.InteropServices.MarshalAsAttribute,Method,4,1
UpgradeHelpers.DataGridViewFlex.RemoveItem,UpgradeHelpers.DataGridViewFlex,Method,3,1
UpgradeHelpers.DataGridViewFlex..ctor,UpgradeHelpers.DataGridViewFlex,Method,3,1
UpgradeHelpers.DataGridViewFlex,UpgradeHelpers.DataGridViewFlex,Type,6,1
UpgradeHelpers.DataGridViewFlex.RowSel,UpgradeHelpers.DataGridViewFlex,Property,2,1
UpgradeHelpers.DataGridViewFlex.RowsCount,UpgradeHelpers.DataGridViewFlex,Property,32,1
UpgradeHelpers.DataGridViewFlex.this[],UpgradeHelpers.DataGridViewFlex,Property,40,1
UpgradeHelpers.DataGridViewFlex.ColumnsCount,UpgradeHelpers.DataGridViewFlex,Property,6,1
UpgradeHelpers.DataGridViewFlex.FixedColumns,UpgradeHelpers.DataGridViewFlex,Property,6,1
UpgradeHelpers.DataGridViewFlex.FixedRows,UpgradeHelpers.DataGridViewFlex,Property,6,1
UpgradeHelpers.DataGridViewFlex.Font,UpgradeHelpers.DataGridViewFlex,Property,6,1
UpgradeHelpers.DataGridViewFlex.CurrentRowIndex,UpgradeHelpers.DataGridViewFlex,Property,12,1
TailwindPOS.frmSales.ucNumericKeyPad_OnEnterEvent.e,TailwindPOS.frmSales.ucNumericKeyPad_OnEnterEvent.e,Type,1,1
UpgradeHelpers.DataGridViewFlex.AllowUserToResizeColumns,UpgradeHelpers.DataGridViewFlex,Property,3,0
UpgradeHelpers.DataGridViewFlex.AllowUserToResizeRows,UpgradeHelpers.DataGridViewFlex,Property,3,0
UpgradeHelpers.DataGridViewFlex.ColumnHeadersHeightSizeMode,UpgradeHelpers.DataGridViewFlex,Property,3,0
UpgradeHelpers.DataGridViewFlex.ReadOnly,UpgradeHelpers.DataGridViewFlex,Property,3,0
UpgradeHelpers.DataGridViewFlex.SelectionMode,UpgradeHelpers.DataGridViewFlex,Property,3,0
UpgradeHelpers.DataGridViewFlex.FocusRect,UpgradeHelpers.DataGridViewFlex,Property,2,0
TailwindPOS.MainModule.SaveNewCustomer.ZipCode,TailwindPOS.MainModule.SaveNewCustomer.ZipCode,Type,1,1
TailwindPOS.MainModule.ExtractData.value,TailwindPOS.MainModule.ExtractData.value,Type,2,1
TailwindPOS.MainModule.MINIMUM_CASH,TailwindPOS.MainModule,Field,1,1
TailwindPOS.MainModule.ConnectionString,TailwindPOS.MainModule,Field,2,1
TailwindPOS.MainModule.PRESET_TERMINALID,TailwindPOS.MainModule,Field,4,1
TailwindPOS.MainModule.CurrentTicketID,TailwindPOS.MainModule,Field,6,1
TailwindPOS.MainModule._POSSystems,TailwindPOS.MainModule,Field,4,1
TailwindPOS.MainModule._CurrentPOS,TailwindPOS.MainModule,Field,4,1
TailwindPOS.MainModule._CurrentShift,TailwindPOS.MainModule,Field,4,1
TailwindPOS.MainModule.SXH_SERVER_CERT_IGNORE_ALL_SERVER_ERRORS,TailwindPOS.MainModule,Field,1,1
TailwindPOS.MainModule.URL_PRODUCT_API,TailwindPOS.MainModule,Field,2,1
TailwindPOS.MainModule.SaveNewCustomer.TempParameter_7,TailwindPOS.MainModule.SaveNewCustomer.TempParameter_7,Type,7,1
TailwindPOS.MainModule.POSSystems,TailwindPOS.MainModule,Property,3,1
TailwindPOS.MainModule.CurrentShift,TailwindPOS.MainModule,Property,11,1
TailwindPOS.MainModule.CurrentPOS,TailwindPOS.MainModule,Property,8,1
TailwindPOS.MainModule.FindProductByCode,TailwindPOS.MainModule,Method,2,1
TailwindPOS.MainModule.GetCustomerInfo,TailwindPOS.MainModule,Method,2,1
TailwindPOS.MainModule.CompleteTicket,TailwindPOS.MainModule,Method,2,1
TailwindPOS.MainModule.SaveItem,TailwindPOS.MainModule,Method,2,1
TailwindPOS.MainModule.SavePayment,TailwindPOS.MainModule,Method,2,1
TailwindPOS.MainModule.SaveSale,TailwindPOS.MainModule,Method,2,1
TailwindPOS.MainModule.CreateTicket,TailwindPOS.MainModule,Method,2,1
TailwindPOS.MainModule.PaymentStringToID,TailwindPOS.MainModule,Method,2,1
TailwindPOS.MainModule.IsShiftStarted,TailwindPOS.MainModule,Method,2,1
TailwindPOS.MainModule.GetPOSSystems,TailwindPOS.MainModule,Method,2,1
TailwindPOS.MainModule.ReadConfig,TailwindPOS.MainModule,Method,2,1
TailwindPOS.MainModule.ExtractData,TailwindPOS.MainModule,Method,4,1
TailwindPOS.MainModule.RunCreditCardPayment,TailwindPOS.MainModule,Method,2,1
TailwindPOS.MainModule.SaveNewCustomer,TailwindPOS.MainModule,Method,2,1
TailwindPOS.MainModule.OpenConnection,TailwindPOS.MainModule,Method,24,1
TailwindPOS.MainModule.FindCustomers,TailwindPOS.MainModule,Method,2,1
TailwindPOS.MainModule.StartShiftWithAmount,TailwindPOS.MainModule,Method,2,1
TailwindPOS.MainModule.RegisterBreakStart,TailwindPOS.MainModule,Method,2,1
TailwindPOS.MainModule.RegisterBreakEnd,TailwindPOS.MainModule,Method,2,1
TailwindPOS.MainModule,TailwindPOS.MainModule,Type,32,1
TailwindPOS.MainModule.RegisterBreakStart.result,TailwindPOS.MainModule.RegisterBreakStart.result,Type,2,1
UpgradeHelpers,UpgradeHelpers,Type,75,1
TailwindPOS.Config.ReadConfigSetting.sRet,TailwindPOS.Config.ReadConfigSetting.sRet,Type,4,1
TailwindPOS.MainModule.SaveSale.UserID,TailwindPOS.MainModule.SaveSale.UserID,Type,1,1
TailwindPOS.MainModule.ExtractData.element,TailwindPOS.MainModule.ExtractData.element,Type,1,1
TailwindPOS.MainModule.StartShiftWithAmount.rs,TailwindPOS.MainModule.StartShiftWithAmount.rs,Type,1,1
TailwindPOS.MainModule.ExtractData.child,TailwindPOS.MainModule.ExtractData.child,Type,4,1
UpgradeHelpers.Helpers.AssemblyHelper,UpgradeHelpers.Helpers.AssemblyHelper,Type,12,1
UpgradeHelpers.Helpers.AssemblyHelper.GetTitle,UpgradeHelpers.Helpers.AssemblyHelper,Method,24,1
